filepath,filename,class_label,class_index,split,width,height,size_bytes,sha256
data/raw/NEU-CLS/NEU-CLS/Cr_195.bmp,Cr_195.bmp,crazing,0,train,200,200,41078,fbbc87379ee257902e59b2e773e3b48a856ffc9dfae10fa9f4ea92852580375b
data/raw/NEU-CLS/NEU-CLS/Cr_44.bmp,Cr_44.bmp,crazing,0,train,200,200,41078,7f7f1211e26e4f487f787555a3d24353fd2ff895cc36a7aa0a646bae6e7dc569
data/raw/NEU-CLS/NEU-CLS/Cr_132.bmp,Cr_132.bmp,crazing,0,train,200,200,41078,dfae30f6e5306418b3e814cf90f1035e45bd3c027c459140562e728fef07c75f
data/raw/NEU-CLS/NEU-CLS/Cr_18.bmp,Cr_18.bmp,crazing,0,train,200,200,41078,a4337d4b051c8f47d203b22911a2b0fd5e5b61ace5b673aece788fc450e0a22b
data/raw/NEU-CLS/NEU-CLS/Cr_128.bmp,Cr_128.bmp,crazing,0,train,200,200,41078,8d520e1bef9f115b4670ff12af4de92b624dbd629ac27c2f1dbbb863c424e2f2
data/raw/NEU-CLS/NEU-CLS/Cr_54.bmp,Cr_54.bmp,crazing,0,train,200,200,41078,88fdb3694a7043b4e111e20531d444ef0ba2e10db0649185c6bb8c5409723b2a
data/raw/NEU-CLS/NEU-CLS/Cr_272.bmp,Cr_272.bmp,crazing,0,train,200,200,41078,f3e76a9a4f877ea8fc67bcf52fd26362614d532d11d23f0cbc60c12e335f1a4d
data/raw/NEU-CLS/NEU-CLS/Cr_207.bmp,Cr_207.bmp,crazing,0,train,200,200,41078,76775d813b3450b3d54283255d111b0c26322cdec43fc3d1890fbd7345dc2ea9
data/raw/NEU-CLS/NEU-CLS/Cr_116.bmp,Cr_116.bmp,crazing,0,train,200,200,41078,f1c4876c4bdfafe9c61d6d41a2372e9e1b5856f5bbe03dd3bd2b6aeba82eac1a
data/raw/NEU-CLS/NEU-CLS/Cr_31.bmp,Cr_31.bmp,crazing,0,train,200,200,41078,b1c58d9068e59414076eea9d810c39d393fd4fd9cc429a656e6dc9379a64d09f
data/raw/NEU-CLS/NEU-CLS/Cr_120.bmp,Cr_120.bmp,crazing,0,train,200,200,41078,1f5d2037ac3e1e7da203352fdb4341f59ef27f3afe5df08c622e7e43192d3285
data/raw/NEU-CLS/NEU-CLS/Cr_95.bmp,Cr_95.bmp,crazing,0,train,200,200,41078,b95602376a6e4bd8fc8ab0c2e3c5cd023b6ae6efafd23587f1c1ecfbe2c1eede
data/raw/NEU-CLS/NEU-CLS/Cr_192.bmp,Cr_192.bmp,crazing,0,train,200,200,41078,c88c9c23d48a61c379ba95d42c043c05b7d5ca54a833f24c59077bd46b0df6b7
data/raw/NEU-CLS/NEU-CLS/Cr_298.bmp,Cr_298.bmp,crazing,0,train,200,200,41078,4aea354a5f08b59e7fc2e737d659db8b6dfd86a311a87181107fd14fb962de16
data/raw/NEU-CLS/NEU-CLS/Cr_284.bmp,Cr_284.bmp,crazing,0,train,200,200,41078,3b01d32b98f7c66999acdafd55758cb757e02d6da78921477781c5fb3f574979
data/raw/NEU-CLS/NEU-CLS/Cr_97.bmp,Cr_97.bmp,crazing,0,train,200,200,41078,9119f6f34eb542e0a44a66feee97cd1814537e3fe0d487373f0b78b2b89a072c
data/raw/NEU-CLS/NEU-CLS/Cr_91.bmp,Cr_91.bmp,crazing,0,train,200,200,41078,2d2706eecf1275c09373670fba82ec3a062fd785ae73b83ffadb6175db563ff0
data/raw/NEU-CLS/NEU-CLS/Cr_133.bmp,Cr_133.bmp,crazing,0,train,200,200,41078,55a36ff5e34a0769e2d5833ac4ccacea00e270b5c71dcd40ebb41d4f3de832ec
data/raw/NEU-CLS/NEU-CLS/Cr_241.bmp,Cr_241.bmp,crazing,0,train,200,200,41078,014b61daff3925e27776da5cb09572307a9c436adca71ab6d7d3c8569e2de20a
data/raw/NEU-CLS/NEU-CLS/Cr_255.bmp,Cr_255.bmp,crazing,0,train,200,200,41078,eab30248b83ea68000e513abc6f39d52a78ca371eaad67d6a724e82750b646e6
data/raw/NEU-CLS/NEU-CLS/Cr_5.bmp,Cr_5.bmp,crazing,0,train,200,200,41078,dd62e810d7d4365ef45092633dff642a212e76103f4082e7ff20365f91fbf68d
data/raw/NEU-CLS/NEU-CLS/Cr_10.bmp,Cr_10.bmp,crazing,0,train,200,200,41078,744b28b616da924afcf1282b40b6f61e4b5ebfe6ad8d90ace9099c5a3fa10824
data/raw/NEU-CLS/NEU-CLS/Cr_300.bmp,Cr_300.bmp,crazing,0,train,200,200,41078,47f2b2aaf4f5bc25469e128896a825c913df5e11ff32f10b35409946b2a8f693
data/raw/NEU-CLS/NEU-CLS/Cr_55.bmp,Cr_55.bmp,crazing,0,train,200,200,41078,e9551714632bf1a717a038366c72ec5a32f2733dcad1e073cf034b0627d200d2
data/raw/NEU-CLS/NEU-CLS/Cr_229.bmp,Cr_229.bmp,crazing,0,train,200,200,41078,07fc9daa89f1b65844bad18de604bba484df3ae37e30dd91d47ad30257bdd6cc
data/raw/NEU-CLS/NEU-CLS/Cr_219.bmp,Cr_219.bmp,crazing,0,train,200,200,41078,07450a4e47e99fee917e4c8ac001b637af90bebcaedcad6b841cf45e276f1a5e
data/raw/NEU-CLS/NEU-CLS/Cr_50.bmp,Cr_50.bmp,crazing,0,train,200,200,41078,1ca4a8529d80b0fc5c31b64f6558750e1f98eb0087941254199ff9178830ca46
data/raw/NEU-CLS/NEU-CLS/Cr_285.bmp,Cr_285.bmp,crazing,0,train,200,200,41078,6223544740558d8480ef82dfa2251818fe26e80bbcd2752c602810718dac2b57
data/raw/NEU-CLS/NEU-CLS/Cr_177.bmp,Cr_177.bmp,crazing,0,train,200,200,41078,291ae8204d9092a69a22407d6ba8999cb01753280216c7fc62937b3ff4660a1e
data/raw/NEU-CLS/NEU-CLS/Cr_103.bmp,Cr_103.bmp,crazing,0,train,200,200,41078,bb8e042395b9e611cd9e51ec2012210411823ae03450368467e1c45b8fa6e56e
data/raw/NEU-CLS/NEU-CLS/Cr_84.bmp,Cr_84.bmp,crazing,0,train,200,200,41078,839dd8237ee5a4da1c5833328c54b62dc4f396b615914f3279bf9158ddb8d334
data/raw/NEU-CLS/NEU-CLS/Cr_21.bmp,Cr_21.bmp,crazing,0,train,200,200,41078,e43005271e795d3f59c3caeb4c6b74cfb675d82f6fa8fca491d9d99c2bfcfdc2
data/raw/NEU-CLS/NEU-CLS/Cr_270.bmp,Cr_270.bmp,crazing,0,train,200,200,41078,f3d08c8f22fdcb468807ef61039228d034c55e88ee43c0b01cab686719623e96
data/raw/NEU-CLS/NEU-CLS/Cr_13.bmp,Cr_13.bmp,crazing,0,train,200,200,41078,e727532b311f0dc758e23151d68b4db063b7ca7655c0b46fc5f41b6800f1f55f
data/raw/NEU-CLS/NEU-CLS/Cr_37.bmp,Cr_37.bmp,crazing,0,train,200,200,41078,4c468c0f4d3f584c57047e26c65408b615f1c703e7d438c7d13bfab1857501eb
data/raw/NEU-CLS/NEU-CLS/Cr_262.bmp,Cr_262.bmp,crazing,0,train,200,200,41078,e581436015050a844da19734d1eb7bf211e429c6bc6ba9c14395c0ab69ba1319
data/raw/NEU-CLS/NEU-CLS/Cr_56.bmp,Cr_56.bmp,crazing,0,train,200,200,41078,9d677df74e456d0f36cc8a0226d9fa6728f5115550a76c658be19d9f93de0ff5
data/raw/NEU-CLS/NEU-CLS/Cr_196.bmp,Cr_196.bmp,crazing,0,train,200,200,41078,d387bd04ee59e556cbf374b1ca1ddac048134e1ed30243293b6039d978e4edfa
data/raw/NEU-CLS/NEU-CLS/Cr_202.bmp,Cr_202.bmp,crazing,0,train,200,200,41078,58d856103fd015bfe95bcb2b0d7bb7aaefbc67f9ff0bbc665224d8a8f65a29f6
data/raw/NEU-CLS/NEU-CLS/Cr_142.bmp,Cr_142.bmp,crazing,0,train,200,200,41078,d72dbd06fdaf5eeaa19dbd32a3f12fea137d46832e78f8e8aa31c2d5ee84cb76
data/raw/NEU-CLS/NEU-CLS/Cr_57.bmp,Cr_57.bmp,crazing,0,train,200,200,41078,4ef674c7a41dddd3a50ecc83eecb8b8aeb0448c1032eb710e463f9002004d42a
data/raw/NEU-CLS/NEU-CLS/Cr_47.bmp,Cr_47.bmp,crazing,0,train,200,200,41078,47a5bb9654c8eadad600e135f06c2f1c0ab25e48885a15fb90a1d9e5bb2a2cff
data/raw/NEU-CLS/NEU-CLS/Cr_78.bmp,Cr_78.bmp,crazing,0,train,200,200,41078,b4f054d0fad58db819d7876aa07bfdecb345717254bc0f5acded4cdc77b17ebf
data/raw/NEU-CLS/NEU-CLS/Cr_165.bmp,Cr_165.bmp,crazing,0,train,200,200,41078,5e43b87a5cb4083ef2fad01e160ac5cc3c4cce6057cab98092a9af14d1a290a3
data/raw/NEU-CLS/NEU-CLS/Cr_70.bmp,Cr_70.bmp,crazing,0,train,200,200,41078,e2d152c5966277d1f3214378b6ab7c682bcb42afff06b0b60a5e080ed4f89733
data/raw/NEU-CLS/NEU-CLS/Cr_19.bmp,Cr_19.bmp,crazing,0,train,200,200,41078,af73abab5cb09812a0726955ddd63b0f3cba66936f1f1a0bcfca065f115acdcd
data/raw/NEU-CLS/NEU-CLS/Cr_64.bmp,Cr_64.bmp,crazing,0,train,200,200,41078,e1361d6561f34dae165b805017626fd42f7d3e01259f218ccc0cdc04029202fb
data/raw/NEU-CLS/NEU-CLS/Cr_242.bmp,Cr_242.bmp,crazing,0,train,200,200,41078,3159297684652fb5f8a2e03984c9ccbe716f61429ce43743e92bac39f6de30e8
data/raw/NEU-CLS/NEU-CLS/Cr_287.bmp,Cr_287.bmp,crazing,0,train,200,200,41078,5da545e41c55aa0669460944b14b1860397d9bc0023c2941d0d03683b5efb66b
data/raw/NEU-CLS/NEU-CLS/Cr_149.bmp,Cr_149.bmp,crazing,0,train,200,200,41078,d06749fbd9bfdaf29d034a1cf54b075eceb3e29fdff0c8dcc9a15d88aefab01c
data/raw/NEU-CLS/NEU-CLS/Cr_104.bmp,Cr_104.bmp,crazing,0,train,200,200,41078,93fad7a71d921253cb77cac3de197419c1abab25161bb4dba5dc67ee7213da83
data/raw/NEU-CLS/NEU-CLS/Cr_71.bmp,Cr_71.bmp,crazing,0,train,200,200,41078,002f769ef0d6febf79b6d7dd0b5a91ecb59238ecc5742fe8613129ee557d59d5
data/raw/NEU-CLS/NEU-CLS/Cr_122.bmp,Cr_122.bmp,crazing,0,train,200,200,41078,5ee9ec4b696647105c4246a88b1513ea0f11fe189cf51886be8bd8775e3a4077
data/raw/NEU-CLS/NEU-CLS/Cr_39.bmp,Cr_39.bmp,crazing,0,train,200,200,41078,b8582e310f616c887f38dc84f1ee6d482584f4be0eb0b9928ad11dcad322aa7c
data/raw/NEU-CLS/NEU-CLS/Cr_200.bmp,Cr_200.bmp,crazing,0,train,200,200,41078,01f8a6ce6c0c1a39aa823e2eb300eeba2c608dd5037292c0d9d9ccdb9e90adbc
data/raw/NEU-CLS/NEU-CLS/Cr_224.bmp,Cr_224.bmp,crazing,0,train,200,200,41078,ce0e577df5be15b93eec4ba77d744e77f94fce74d751bb9264da26ed8d55b219
data/raw/NEU-CLS/NEU-CLS/Cr_237.bmp,Cr_237.bmp,crazing,0,train,200,200,41078,aa94df623e869587721bb48b8659c6103604fc82cabdd9a50265e3777857f474
data/raw/NEU-CLS/NEU-CLS/Cr_194.bmp,Cr_194.bmp,crazing,0,train,200,200,41078,e73c2a724cd9557971721294233600a9a1318ceb988b44388be9167bb4a4ea13
data/raw/NEU-CLS/NEU-CLS/Cr_85.bmp,Cr_85.bmp,crazing,0,train,200,200,41078,e2389b270ef44ceea1051e45e79ce9a2e0059d7b423a6fbfb3468a396d22c0f7
data/raw/NEU-CLS/NEU-CLS/Cr_27.bmp,Cr_27.bmp,crazing,0,train,200,200,41078,4641548014b0cb7c60ca20b48e089c1a46ab9f9978926cdb9e1ab604f492a4df
data/raw/NEU-CLS/NEU-CLS/Cr_38.bmp,Cr_38.bmp,crazing,0,train,200,200,41078,bb9742c40ac24cc15051f7d1e09f5d68fcbd8f66b7b9aa56fa598da2e9007432
data/raw/NEU-CLS/NEU-CLS/Cr_48.bmp,Cr_48.bmp,crazing,0,train,200,200,41078,ebe6956e3ef8443ff3ba71f5dc05f1b3bd0ff988125bbfaf8e9a1e039fb73578
data/raw/NEU-CLS/NEU-CLS/Cr_140.bmp,Cr_140.bmp,crazing,0,train,200,200,41078,0ee13bdb25a30169a1d37d8458a00bc19b9550002f846c6097f45f9151cfc26b
data/raw/NEU-CLS/NEU-CLS/Cr_6.bmp,Cr_6.bmp,crazing,0,train,200,200,41078,2bfbbe71f76ce4f6ae62a07c7ebee2a824a5996367274247b4cf72fbdbee0aaa
data/raw/NEU-CLS/NEU-CLS/Cr_34.bmp,Cr_34.bmp,crazing,0,train,200,200,41078,a959f8a1c73b5de1c4b3cee7d8732328ac8e96debc4191ed173002d05ecb76a3
data/raw/NEU-CLS/NEU-CLS/Cr_295.bmp,Cr_295.bmp,crazing,0,train,200,200,41078,6408b795748c047314cc76c12e9196266840f22a480ad1c04a6ffc7fc650b9e7
data/raw/NEU-CLS/NEU-CLS/Cr_41.bmp,Cr_41.bmp,crazing,0,train,200,200,41078,a50a61f59daa7104414897d9e7c3c16917efdbf6240075dc3811068421df3710
data/raw/NEU-CLS/NEU-CLS/Cr_218.bmp,Cr_218.bmp,crazing,0,train,200,200,41078,e67e416e0a2f92dae4cf597c42acb076fc6cb4435a57ede7d3edb7c3c357a864
data/raw/NEU-CLS/NEU-CLS/Cr_158.bmp,Cr_158.bmp,crazing,0,train,200,200,41078,5fd9c14cd414054ae4c2158596e85a515f5e4848120c8c92a11f2c3532f9cfab
data/raw/NEU-CLS/NEU-CLS/Cr_286.bmp,Cr_286.bmp,crazing,0,train,200,200,41078,0cdee2c13d3ba24ffbc9933f990ac9456bf96d40957d7bfe93c1acd093961720
data/raw/NEU-CLS/NEU-CLS/Cr_137.bmp,Cr_137.bmp,crazing,0,train,200,200,41078,c12f5e931d2b0b87838db823a00415eaa8586dc5c338773f83bd0c754603a3da
data/raw/NEU-CLS/NEU-CLS/Cr_217.bmp,Cr_217.bmp,crazing,0,train,200,200,41078,1a3eee58ea35f890e3567898ff8629a7ba56010d80df3372c09bc7bba3208ad2
data/raw/NEU-CLS/NEU-CLS/Cr_72.bmp,Cr_72.bmp,crazing,0,train,200,200,41078,2a29886cd6c185bf8a95dbe14dd5a0b7e274f8650048931960e4b32671ff0f4b
data/raw/NEU-CLS/NEU-CLS/Cr_73.bmp,Cr_73.bmp,crazing,0,train,200,200,41078,132de7e78fc71bb441a549bbb5b44d7f65ff4caa502817398b48b2b85af7a871
data/raw/NEU-CLS/NEU-CLS/Cr_33.bmp,Cr_33.bmp,crazing,0,train,200,200,41078,9368974137ab8fffa0a9f3c5a77d4e20a9f57298a331e01a60931b7ff614812a
data/raw/NEU-CLS/NEU-CLS/Cr_107.bmp,Cr_107.bmp,crazing,0,train,200,200,41078,a1c447ba065a1efa45a2b123589bcd5eac775cdb178027f6a13b45937c33b2cb
data/raw/NEU-CLS/NEU-CLS/Cr_22.bmp,Cr_22.bmp,crazing,0,train,200,200,41078,4dda83ee77c6530c8ce3693b4f9a4bcd8b812bb92cac4f81939ada9b4daa2890
data/raw/NEU-CLS/NEU-CLS/Cr_189.bmp,Cr_189.bmp,crazing,0,train,200,200,41078,d637f6abab8cc85b5c952f53f22af7fe780fce3868f517460c7edd783b513437
data/raw/NEU-CLS/NEU-CLS/Cr_77.bmp,Cr_77.bmp,crazing,0,train,200,200,41078,46d958ef8d779fcb3379968f61c5824bf2af40233f39b3db62badcbe89cb9fda
data/raw/NEU-CLS/NEU-CLS/Cr_24.bmp,Cr_24.bmp,crazing,0,train,200,200,41078,e79c3ee9925299831eb47afbe177c1a5060abc37b285e0d15bf2ca099bea6165
data/raw/NEU-CLS/NEU-CLS/Cr_69.bmp,Cr_69.bmp,crazing,0,train,200,200,41078,d4f52732367588d77ef2096e8e4a21f4474f76b6155c7747007b991ddbbc18e4
data/raw/NEU-CLS/NEU-CLS/Cr_235.bmp,Cr_235.bmp,crazing,0,train,200,200,41078,c71df889b8b1f8d390674304f37e0e7bdd226a8a3ad2147fda5f9d00305a69c0
data/raw/NEU-CLS/NEU-CLS/Cr_240.bmp,Cr_240.bmp,crazing,0,train,200,200,41078,fc93a958738abbcdd54ce74d6795af309a3e4f4ccdb1a391783eb6c725c86c0a
data/raw/NEU-CLS/NEU-CLS/Cr_3.bmp,Cr_3.bmp,crazing,0,train,200,200,41078,c239512df9907fae4d6dde7994eeb939b90a986f3b3d8ac0518676150f1b8d53
data/raw/NEU-CLS/NEU-CLS/Cr_232.bmp,Cr_232.bmp,crazing,0,train,200,200,41078,bc1d62a46b7971506c486adc4942bfcb729ea4cf5a89d86a1488f797a4d02cd4
data/raw/NEU-CLS/NEU-CLS/Cr_289.bmp,Cr_289.bmp,crazing,0,train,200,200,41078,39d0939c7665a8c4bef01fb3b0a720de0f671b51facda77da270b738ae8c4bd8
data/raw/NEU-CLS/NEU-CLS/Cr_127.bmp,Cr_127.bmp,crazing,0,train,200,200,41078,317a026895c28abebe7d04bac3db458c70f15c13b04414bb7963c709742d419b
data/raw/NEU-CLS/NEU-CLS/Cr_89.bmp,Cr_89.bmp,crazing,0,train,200,200,41078,2915f124ef3ae611a8d4b16f7defa0a06d32fa954c41e45cc93b19586a539f3a
data/raw/NEU-CLS/NEU-CLS/Cr_99.bmp,Cr_99.bmp,crazing,0,train,200,200,41078,97797fd807bb637c41e1ab76a6cec3e1543c8c950507b5ca870764bc808a8d27
data/raw/NEU-CLS/NEU-CLS/Cr_159.bmp,Cr_159.bmp,crazing,0,train,200,200,41078,e5cb64100f8147b7171535f9eab39260d2a8da3fdc16316cee5ef1c716ceb639
data/raw/NEU-CLS/NEU-CLS/Cr_259.bmp,Cr_259.bmp,crazing,0,train,200,200,41078,9c65e6a0a29749e5e7cfa86bfe58c845a81c1c5342c52ea8f6b420e68048f1c8
data/raw/NEU-CLS/NEU-CLS/Cr_7.bmp,Cr_7.bmp,crazing,0,train,200,200,41078,3275c32a0d8338514b25567b625f1f4a03f33a3d628ae64e794b32939de6a965
data/raw/NEU-CLS/NEU-CLS/Cr_288.bmp,Cr_288.bmp,crazing,0,train,200,200,41078,a63650502ed18fe3ca2fb74d6944cc8c708a837b72fbad61e915c535db8619b1
data/raw/NEU-CLS/NEU-CLS/Cr_176.bmp,Cr_176.bmp,crazing,0,train,200,200,41078,c40db0b942636fc653c8fa945b0ca5ffc19c0b65ef5df01d19d9cdf1e472f9f1
data/raw/NEU-CLS/NEU-CLS/Cr_145.bmp,Cr_145.bmp,crazing,0,train,200,200,41078,9257034690e64bb40be1fb3d73c9a81e811319dcff80610bb0e4e8d3c53c4374
data/raw/NEU-CLS/NEU-CLS/Cr_223.bmp,Cr_223.bmp,crazing,0,train,200,200,41078,6371f67b86760c96787a1433de17da5a5e4c9e864a82943fbdcfbd4ff3ee1287
data/raw/NEU-CLS/NEU-CLS/Cr_181.bmp,Cr_181.bmp,crazing,0,train,200,200,41078,e1bc44e4c653d758861207f2ce8d107b3a8f3312d507b0302a7916ac36edeee6
data/raw/NEU-CLS/NEU-CLS/Cr_46.bmp,Cr_46.bmp,crazing,0,train,200,200,41078,0d8f17da18740975bea3e7f15576e9b6c88050fac92460214a2b60a7d81a6016
data/raw/NEU-CLS/NEU-CLS/Cr_179.bmp,Cr_179.bmp,crazing,0,train,200,200,41078,a2793466af0119777228758a507c08706c6154329b1585be4cf0d5aeba7f6d54
data/raw/NEU-CLS/NEU-CLS/Cr_244.bmp,Cr_244.bmp,crazing,0,train,200,200,41078,988e36f2df9d2b694e904b5f8ba2a708921ce3c0a7d5ac45abe031223ac849ad
data/raw/NEU-CLS/NEU-CLS/Cr_186.bmp,Cr_186.bmp,crazing,0,train,200,200,41078,dc393f273b6b55f9bedda0c187271c632009a70492a85ccc2b0b1097f531ef69
data/raw/NEU-CLS/NEU-CLS/Cr_293.bmp,Cr_293.bmp,crazing,0,train,200,200,41078,3487d389db2da5c5a794fbce20a9bd15f0fc56b8c9cea1f3df36ed5f20ca580b
data/raw/NEU-CLS/NEU-CLS/Cr_290.bmp,Cr_290.bmp,crazing,0,train,200,200,41078,ad5f9d5aa76bdde41c5545084f3675c985798478fe8f854d5b2ba214358bb1ba
data/raw/NEU-CLS/NEU-CLS/Cr_275.bmp,Cr_275.bmp,crazing,0,train,200,200,41078,4fe7ab46f56e8d3069a92775bd8d8eb9d4b3f8ecce3b4b75a19254f904075be8
data/raw/NEU-CLS/NEU-CLS/Cr_169.bmp,Cr_169.bmp,crazing,0,train,200,200,41078,257a03d7c36de428608f6b944997221c370e834d7d9e06bedebda898e3d198d7
data/raw/NEU-CLS/NEU-CLS/Cr_230.bmp,Cr_230.bmp,crazing,0,train,200,200,41078,bf79dc4ea49e88028e90fb762b93fcfd4944ae79107ed22cc92644b9266593dc
data/raw/NEU-CLS/NEU-CLS/Cr_129.bmp,Cr_129.bmp,crazing,0,train,200,200,41078,0bdfb1bde94d3eeb1c2f963bf5bc8ce88465da3c4814d1d3ecac719feec1e1fd
data/raw/NEU-CLS/NEU-CLS/Cr_118.bmp,Cr_118.bmp,crazing,0,train,200,200,41078,49137d254d07436c31569ce7f68e1a6567eba9ba8010426c046c24a7fb02a605
data/raw/NEU-CLS/NEU-CLS/Cr_162.bmp,Cr_162.bmp,crazing,0,train,200,200,41078,449a69401e21de8470fd8afa1fd831af7de1858414c9fba10682253b5e73da8a
data/raw/NEU-CLS/NEU-CLS/Cr_153.bmp,Cr_153.bmp,crazing,0,train,200,200,41078,133b02763922ade62a3ce0165b4fa90ac09037d1a32d76ea05be07381bb0bc5d
data/raw/NEU-CLS/NEU-CLS/Cr_175.bmp,Cr_175.bmp,crazing,0,train,200,200,41078,3e7a57ae75f8dfbfd9bacab7ddc74d4d24bf3a9da2069f37d115814019e08aa1
data/raw/NEU-CLS/NEU-CLS/Cr_210.bmp,Cr_210.bmp,crazing,0,train,200,200,41078,89d1c1dc5f0b91a2a83f32a846054310217fbd829aec6751872d8cd6a1cb44d8
data/raw/NEU-CLS/NEU-CLS/Cr_32.bmp,Cr_32.bmp,crazing,0,train,200,200,41078,2b40f4bfb7db725806ea7adee8fdd3f1c0f767aee9ee6d032d0d407284d69284
data/raw/NEU-CLS/NEU-CLS/Cr_271.bmp,Cr_271.bmp,crazing,0,train,200,200,41078,5d8c94ce1ba1e3fcacb827f02716630c922aad1e44bd51e979464fce632d4244
data/raw/NEU-CLS/NEU-CLS/Cr_238.bmp,Cr_238.bmp,crazing,0,train,200,200,41078,aa91c676a71531bc317c47c8b289b29bad7b6a9d042d124839708c3fea20efd2
data/raw/NEU-CLS/NEU-CLS/Cr_81.bmp,Cr_81.bmp,crazing,0,train,200,200,41078,6d361f737a2d5c62e5e946973392e265e72c1a7644e1360dbbda7dd7ddbdd709
data/raw/NEU-CLS/NEU-CLS/Cr_283.bmp,Cr_283.bmp,crazing,0,train,200,200,41078,cd228ac294e35d4b75aae057fad646f8e63507012932f7bcd6a3804d79862f3e
data/raw/NEU-CLS/NEU-CLS/Cr_193.bmp,Cr_193.bmp,crazing,0,train,200,200,41078,6a2db8c17c19b4e59f2d39763759e46e2ae4e85fe364e9fa32767226ae42633f
data/raw/NEU-CLS/NEU-CLS/Cr_297.bmp,Cr_297.bmp,crazing,0,train,200,200,41078,cfb96f777a32f2493c98fee570950a6f7b97e7c2d0a75b131a005593dc3b8529
data/raw/NEU-CLS/NEU-CLS/Cr_63.bmp,Cr_63.bmp,crazing,0,train,200,200,41078,864b8be8c9290aea06d5d450c074b74eaa54ecb6b7cc1694d47a8207e7ee0fae
data/raw/NEU-CLS/NEU-CLS/Cr_209.bmp,Cr_209.bmp,crazing,0,train,200,200,41078,6c1555896dc23a9f317ab5fa022da36112c18e0d140e26350d96290f24fa48d4
data/raw/NEU-CLS/NEU-CLS/Cr_108.bmp,Cr_108.bmp,crazing,0,train,200,200,41078,4ef00989dbf9a46fe7328e1565cece86be2f7276ec2dbe99f7dfd0552368bbda
data/raw/NEU-CLS/NEU-CLS/Cr_208.bmp,Cr_208.bmp,crazing,0,train,200,200,41078,4e259cd995575bed783f2e6730f46abff7e502070498588be9d7065e643153bb
data/raw/NEU-CLS/NEU-CLS/Cr_164.bmp,Cr_164.bmp,crazing,0,train,200,200,41078,be0c9459057e57293201e4095da51b889e9ebce34c501128ca63461dbc26eb74
data/raw/NEU-CLS/NEU-CLS/Cr_82.bmp,Cr_82.bmp,crazing,0,train,200,200,41078,516aa938260a5d44343106ec5b4d93fb4bc9699b5d750dc7be95d80625fe244c
data/raw/NEU-CLS/NEU-CLS/Cr_126.bmp,Cr_126.bmp,crazing,0,train,200,200,41078,14157caed415cb62fa715150f2c7c6f1436c927a1e3933f8be1e7b355afe252e
data/raw/NEU-CLS/NEU-CLS/Cr_105.bmp,Cr_105.bmp,crazing,0,train,200,200,41078,6ba1e609cb29f560070f2317dc5bbf28562d6235bf50a27835bf5ecb17ec3919
data/raw/NEU-CLS/NEU-CLS/Cr_154.bmp,Cr_154.bmp,crazing,0,train,200,200,41078,4e9bdc79c2f1db92ed7aaa23890ede993e2a25c19d6a4a1705f507fece6bd07f
data/raw/NEU-CLS/NEU-CLS/Cr_17.bmp,Cr_17.bmp,crazing,0,train,200,200,41078,29ed6d78125a0b83c9f62d4c12e21f3d540503f88bd47d2a3825768410808da5
data/raw/NEU-CLS/NEU-CLS/Cr_26.bmp,Cr_26.bmp,crazing,0,train,200,200,41078,7301a4c6d513226aecec55268a1294938a33c140515e07cd53f30328b620b51c
data/raw/NEU-CLS/NEU-CLS/Cr_30.bmp,Cr_30.bmp,crazing,0,train,200,200,41078,6b471f2b4c5a58fd3067db8ec1cf6c2eb0f6dc5bf95c15f6d96267ced6fc0dce
data/raw/NEU-CLS/NEU-CLS/Cr_102.bmp,Cr_102.bmp,crazing,0,train,200,200,41078,5d7989f4919aade592c216c163ff48fe9a7a132725abae1268c838ea4bec1de7
data/raw/NEU-CLS/NEU-CLS/Cr_96.bmp,Cr_96.bmp,crazing,0,train,200,200,41078,f252b3149350409b1db9761e594bebf422c772a467c7ffe760377b4e9e526718
data/raw/NEU-CLS/NEU-CLS/Cr_173.bmp,Cr_173.bmp,crazing,0,train,200,200,41078,96d6cb24a4eaa08cc9b86b517d16998034a384dbffdfd19d50aa2dbb9e015460
data/raw/NEU-CLS/NEU-CLS/Cr_58.bmp,Cr_58.bmp,crazing,0,train,200,200,41078,a2e5a6e49c9199d13e74344f44183fa8deaa4a5a4dabae5d34a2b1819f5c7f1a
data/raw/NEU-CLS/NEU-CLS/Cr_53.bmp,Cr_53.bmp,crazing,0,train,200,200,41078,d3012137459f6cce37311144eadefc6f1692ced44903330c6eaedfdb309ca9ca
data/raw/NEU-CLS/NEU-CLS/Cr_49.bmp,Cr_49.bmp,crazing,0,train,200,200,41078,f1ee2284bcb827b570d17d35bcee857ccc3c0e9466d41783f46956e57c754e3a
data/raw/NEU-CLS/NEU-CLS/Cr_185.bmp,Cr_185.bmp,crazing,0,train,200,200,41078,3034dfd09e21ed03441d05dda6dafceb1392193c8080fa4904ccc0537c15bc86
data/raw/NEU-CLS/NEU-CLS/Cr_252.bmp,Cr_252.bmp,crazing,0,train,200,200,41078,44a1699ae9f7f7bfa2224803fa14f20bf3a912e4316abbc9cfd70c5eec0aad9b
data/raw/NEU-CLS/NEU-CLS/Cr_144.bmp,Cr_144.bmp,crazing,0,train,200,200,41078,6890a8ed05ef78f87f89d20d642641584eed963cbafc0a2ba6cf926dc811e8ac
data/raw/NEU-CLS/NEU-CLS/Cr_59.bmp,Cr_59.bmp,crazing,0,train,200,200,41078,4c0a196cab0257b7fce0cb79bb74127ed7a2105a6a1b5166bff10fb13ac4c08c
data/raw/NEU-CLS/NEU-CLS/Cr_168.bmp,Cr_168.bmp,crazing,0,train,200,200,41078,f05f6b54d04752820467016441941020b4e28921cee1bc9e6075aacfea40512d
data/raw/NEU-CLS/NEU-CLS/Cr_123.bmp,Cr_123.bmp,crazing,0,train,200,200,41078,7cd8555a1cea5db45d87e065a8827fd4afb5a1fa523e23c32f7a82a976c28a63
data/raw/NEU-CLS/NEU-CLS/Cr_215.bmp,Cr_215.bmp,crazing,0,train,200,200,41078,5bc6d095c22b6198f3ac2b0a965529ebef3bc7c0e2653f29b2f76f8cb4c6130a
data/raw/NEU-CLS/NEU-CLS/Cr_14.bmp,Cr_14.bmp,crazing,0,train,200,200,41078,0a2d74f1f605a84086570763ab9ede17d62101862752ccfee1aa30c482b1a2c9
data/raw/NEU-CLS/NEU-CLS/Cr_214.bmp,Cr_214.bmp,crazing,0,train,200,200,41078,414265d6fd6bb4c9b9fc2477614c195c5c6ec5b0b63fdc2d80d2bd8b11aa0a9d
data/raw/NEU-CLS/NEU-CLS/Cr_51.bmp,Cr_51.bmp,crazing,0,train,200,200,41078,693a21cb7b18f9313fc7a5bff493f662c34a956ed1d7666c58db700d5dde3c2a
data/raw/NEU-CLS/NEU-CLS/Cr_1.bmp,Cr_1.bmp,crazing,0,train,200,200,41078,6960bd5f4996b082bd9a1db3cebefd5cf301fe1af1429e5b60c8a048d5447af6
data/raw/NEU-CLS/NEU-CLS/Cr_43.bmp,Cr_43.bmp,crazing,0,train,200,200,41078,d20bc887c2d7734c0beab9c5232f91d6b13e97d1c3fe5f506a07844756b0f15e
data/raw/NEU-CLS/NEU-CLS/Cr_250.bmp,Cr_250.bmp,crazing,0,train,200,200,41078,ba1e87fa8ba374c93ad16fe4161df1da29e6cb1a6a16a158ed521fd24587bf97
data/raw/NEU-CLS/NEU-CLS/Cr_87.bmp,Cr_87.bmp,crazing,0,train,200,200,41078,1c1ddb6ae0a8774e710364fe14cb5971e9e0681cb28bd85d3f0abab455bd4bd6
data/raw/NEU-CLS/NEU-CLS/Cr_167.bmp,Cr_167.bmp,crazing,0,train,200,200,41078,0b32383202344e2984880e0959d321c1a763f247465863464283b77f66cce7b8
data/raw/NEU-CLS/NEU-CLS/Cr_36.bmp,Cr_36.bmp,crazing,0,train,200,200,41078,9223892fce0d9a30b3741e0baedac1da91d620d8c40e3486f66452568ffe0a21
data/raw/NEU-CLS/NEU-CLS/Cr_178.bmp,Cr_178.bmp,crazing,0,train,200,200,41078,0d16b29149cc74df13151909f211d4814459f4420f97d35a2ae7ddf9655ed201
data/raw/NEU-CLS/NEU-CLS/Cr_280.bmp,Cr_280.bmp,crazing,0,train,200,200,41078,3993df72c7e095ecb4a048d2ee83f063fd40f137032b63df0f0af5ce8b240490
data/raw/NEU-CLS/NEU-CLS/Cr_265.bmp,Cr_265.bmp,crazing,0,train,200,200,41078,b80bed064ef2b23ef6d2361d18c6651c9edce15ead1a24f876f1dace2c1acfe5
data/raw/NEU-CLS/NEU-CLS/Cr_125.bmp,Cr_125.bmp,crazing,0,train,200,200,41078,ccc0df0dd7f8b1fa4b28d47b35ee958d2c83ebdea48e5c63d5a438e409508d98
data/raw/NEU-CLS/NEU-CLS/Cr_100.bmp,Cr_100.bmp,crazing,0,train,200,200,41078,61223fa92065325899be386ba5c3e407ccbc5d4c7772cf304fa49cd8caccdf01
data/raw/NEU-CLS/NEU-CLS/Cr_226.bmp,Cr_226.bmp,crazing,0,train,200,200,41078,4f94490472be741796e4071a85c7c39d27fe63b12340c76e36bfcd6bad97a1bd
data/raw/NEU-CLS/NEU-CLS/Cr_157.bmp,Cr_157.bmp,crazing,0,train,200,200,41078,daca36e8ef5cf604c29ef2f8c4b143a798ea3c8fa5d79e25d4539422d6b440f9
data/raw/NEU-CLS/NEU-CLS/Cr_65.bmp,Cr_65.bmp,crazing,0,train,200,200,41078,3e37e6fb64cb25d96ab9a2e6e79c7c8ba63a540b450a1436fb3324f64aff0e5a
data/raw/NEU-CLS/NEU-CLS/Cr_86.bmp,Cr_86.bmp,crazing,0,train,200,200,41078,4dc39925986ae2893c2b9bf7015e35efb155c549d884aeac1a24a4637ff93ded
data/raw/NEU-CLS/NEU-CLS/Cr_249.bmp,Cr_249.bmp,crazing,0,train,200,200,41078,e2da5b18a9f9618bbb9d04857bc1f70a14d5c9340c50b6b663ddbe1a9b0273ab
data/raw/NEU-CLS/NEU-CLS/Cr_76.bmp,Cr_76.bmp,crazing,0,train,200,200,41078,93e73c9b044cd5dbcf67e708164e404475636895b566306934bdec5502ec7e3c
data/raw/NEU-CLS/NEU-CLS/Cr_188.bmp,Cr_188.bmp,crazing,0,train,200,200,41078,eac1de3e4901e2e96193fbc7a04db4489a60aeaee4555ac1a7a0bfb0b3fc72e7
data/raw/NEU-CLS/NEU-CLS/Cr_28.bmp,Cr_28.bmp,crazing,0,train,200,200,41078,27e5027f94f853e8ea81c26fab0bfc59bc6cdd0b20e0fd716fe60c7072f9da4d
data/raw/NEU-CLS/NEU-CLS/Cr_236.bmp,Cr_236.bmp,crazing,0,train,200,200,41078,9c6b48d4004f6418de65a2a839098f4bfbcbd270f2da9b7b9149288301267402
data/raw/NEU-CLS/NEU-CLS/Cr_197.bmp,Cr_197.bmp,crazing,0,train,200,200,41078,fea166acf4353e4e9ac94f849d1eefddbd23bcbbfa687cb73f1ee1d3b5265fdc
data/raw/NEU-CLS/NEU-CLS/Cr_60.bmp,Cr_60.bmp,crazing,0,train,200,200,41078,5b2de8ac35326821dbe097b5f64017736165e0c9c6dd69559a964dc31da1e5ae
data/raw/NEU-CLS/NEU-CLS/Cr_243.bmp,Cr_243.bmp,crazing,0,train,200,200,41078,704868ba50a18b3fe2d9ec083d108f6c20fed9aa8e78733a81aaca18bfb04282
data/raw/NEU-CLS/NEU-CLS/Cr_134.bmp,Cr_134.bmp,crazing,0,train,200,200,41078,6e1dd1f39e61d414ea900eefcf204ebecdeae0a85537fcffc3f7063652e2479b
data/raw/NEU-CLS/NEU-CLS/Cr_124.bmp,Cr_124.bmp,crazing,0,train,200,200,41078,765eafc947b75f805f81b6deaa6e59888854cac92a3c6940ddc469fc4de575a6
data/raw/NEU-CLS/NEU-CLS/Cr_98.bmp,Cr_98.bmp,crazing,0,train,200,200,41078,89c885ee71b4bd9ef986f6c18c4feae3cf72511d452736f43b613d8ba9468606
data/raw/NEU-CLS/NEU-CLS/Cr_12.bmp,Cr_12.bmp,crazing,0,train,200,200,41078,513bf60882477ca447803a4a4f5e316cbfbba9a6297941f867be0e92d099d981
data/raw/NEU-CLS/NEU-CLS/Cr_212.bmp,Cr_212.bmp,crazing,0,train,200,200,41078,a22b1db5dcd4ae19096862d1cdd662eb53a961f3ec9b2be1a36b70851731931c
data/raw/NEU-CLS/NEU-CLS/Cr_216.bmp,Cr_216.bmp,crazing,0,train,200,200,41078,283198b94e88d962608631f0df7d73f3f9a45b7403cafc19b5c0f55bbeb02fed
data/raw/NEU-CLS/NEU-CLS/Cr_268.bmp,Cr_268.bmp,crazing,0,train,200,200,41078,7bcfaddfc40e2da9b5f804ef4e94949969715fcc8d22a53d6edea140a9b33302
data/raw/NEU-CLS/NEU-CLS/Cr_29.bmp,Cr_29.bmp,crazing,0,train,200,200,41078,aa66e70615508d1340910dc12a40bbe98b0c4b6ec99c4264386c554076cb91f9
data/raw/NEU-CLS/NEU-CLS/Cr_182.bmp,Cr_182.bmp,crazing,0,train,200,200,41078,741ccc910affaeb2cf1fe88b1bd26e0e4464494d9ebf774bad1263561dfee8a1
data/raw/NEU-CLS/NEU-CLS/Cr_281.bmp,Cr_281.bmp,crazing,0,train,200,200,41078,beaea0b5378ce1eca2707ac50fd0b2116d42b6925062fc9ba3a088382644767d
data/raw/NEU-CLS/NEU-CLS/Cr_263.bmp,Cr_263.bmp,crazing,0,train,200,200,41078,a05d2d1f121d5b9e74c9e426dccdfb055138ae21c7979191439b3beca00ece60
data/raw/NEU-CLS/NEU-CLS/Cr_198.bmp,Cr_198.bmp,crazing,0,train,200,200,41078,1da214c2fb7a809783d18cab7b05f3ae39297c2c895183a48d5ba113dbcb35d2
data/raw/NEU-CLS/NEU-CLS/Cr_233.bmp,Cr_233.bmp,crazing,0,train,200,200,41078,ec29256b3edb711778af08c9d8681a2d48a850f647b1599529a0da9445262714
data/raw/NEU-CLS/NEU-CLS/Cr_269.bmp,Cr_269.bmp,crazing,0,train,200,200,41078,4023c2220783c6a1f4e1d88097f0aaa11c70b72fd93e0d9263461dc2675fdffc
data/raw/NEU-CLS/NEU-CLS/Cr_222.bmp,Cr_222.bmp,crazing,0,train,200,200,41078,a1649f1e1ee9a0142c160e6a09f3e701697e608c4078906d0cd28acee4b8689a
data/raw/NEU-CLS/NEU-CLS/Cr_228.bmp,Cr_228.bmp,crazing,0,train,200,200,41078,c88b05f50bdce98364fbee1fb2870ec7113026eae60f846a561f11b36d5b288d
data/raw/NEU-CLS/NEU-CLS/Cr_62.bmp,Cr_62.bmp,crazing,0,train,200,200,41078,810e38c0286b08a2ef345fb4c27efe80745079582f9f1d67193d5fa619df5395
data/raw/NEU-CLS/NEU-CLS/Cr_130.bmp,Cr_130.bmp,crazing,0,train,200,200,41078,e440c6a427ff824ff4aac01027baa7573136baed5a2ee56c4a7ef532ec08940f
data/raw/NEU-CLS/NEU-CLS/Cr_16.bmp,Cr_16.bmp,crazing,0,train,200,200,41078,dfb2b418a5542b4f2abd39e1f253ed6167ad06183f86439f242505d1d22aef4c
data/raw/NEU-CLS/NEU-CLS/Cr_131.bmp,Cr_131.bmp,crazing,0,train,200,200,41078,a6ba2b845aa2f3f6fb2eb34c27449ca1572b5c9d06785eaac82d991390eabc4d
data/raw/NEU-CLS/NEU-CLS/Cr_204.bmp,Cr_204.bmp,crazing,0,train,200,200,41078,d6a144d7253140f006d77e521e65990225266ba2c7446e032fefd2855088c43c
data/raw/NEU-CLS/NEU-CLS/Cr_247.bmp,Cr_247.bmp,crazing,0,train,200,200,41078,6f8b0288b6d495052d911e777bb4a7c9b2f921bf0bcf07c6609f9106160ac27d
data/raw/NEU-CLS/NEU-CLS/Cr_83.bmp,Cr_83.bmp,crazing,0,train,200,200,41078,ebca06de73a92d1b1716667fe1920c633908bb2d7163b0028a2f69ce5a4b4ff4
data/raw/NEU-CLS/NEU-CLS/Cr_213.bmp,Cr_213.bmp,crazing,0,train,200,200,41078,0943dd0585cba880abf7fa246e0735291b6ac3488a23a6a562c1bc69d32dd62d
data/raw/NEU-CLS/NEU-CLS/Cr_25.bmp,Cr_25.bmp,crazing,0,train,200,200,41078,bfb940cca289f4f05db7444c751fd7263a912c0e0c0eb901fba96b579ca4d8f8
data/raw/NEU-CLS/NEU-CLS/Cr_279.bmp,Cr_279.bmp,crazing,0,train,200,200,41078,270ce08d5c788a1a141928dce138014f97164e6c4e134c709c3f280047c45a54
data/raw/NEU-CLS/NEU-CLS/Cr_282.bmp,Cr_282.bmp,crazing,0,train,200,200,41078,9eac102a5ff2f7048d9b1d0f9cfa9c226123eb9d12f619490bf42c47afc83733
data/raw/NEU-CLS/NEU-CLS/Cr_67.bmp,Cr_67.bmp,crazing,0,train,200,200,41078,5657597d1a2cf0825300cd559b03ea68fc5f662c819cadc6b7eba4dde291d3dc
data/raw/NEU-CLS/NEU-CLS/Cr_23.bmp,Cr_23.bmp,crazing,0,train,200,200,41078,6342953be58dd56ddfe7c964d5aac72e476d0be9e1265ff22e8f8805c623e378
data/raw/NEU-CLS/NEU-CLS/Cr_148.bmp,Cr_148.bmp,crazing,0,train,200,200,41078,c4bbf68465b3fb20a36e79a2725ac2d86cae93d070100f493d70425be40059d9
data/raw/NEU-CLS/NEU-CLS/Cr_9.bmp,Cr_9.bmp,crazing,0,train,200,200,41078,6f9f5a9de009e52a4fc33c6f703ea1b53d95a58ad5e2b789fa5e44225671e88d
data/raw/NEU-CLS/NEU-CLS/Cr_8.bmp,Cr_8.bmp,crazing,0,train,200,200,41078,478aa0be9e3125910f17d14a60f38372856629f7813231cd96301500999840f0
data/raw/NEU-CLS/NEU-CLS/Cr_191.bmp,Cr_191.bmp,crazing,0,train,200,200,41078,04da5912a4f8c897ed88d92b1968e84bbe337f94e71b46b5ab72d44a3a66cda3
data/raw/NEU-CLS/NEU-CLS/Cr_171.bmp,Cr_171.bmp,crazing,0,train,200,200,41078,c7326acdcbc194e18597d8131c79a236065f5374f753501a69566fe747799b61
data/raw/NEU-CLS/NEU-CLS/Cr_106.bmp,Cr_106.bmp,crazing,0,train,200,200,41078,2475da2e4422a8ae2280135de88090a4c4cf5a675fe0041d2bd9366304c713d5
data/raw/NEU-CLS/NEU-CLS/Cr_52.bmp,Cr_52.bmp,crazing,0,train,200,200,41078,ba95474229c92bd23e71cfbfbde6177d1426aaea0ef22ffd9431a64f21254a6a
data/raw/NEU-CLS/NEU-CLS/Cr_111.bmp,Cr_111.bmp,crazing,0,train,200,200,41078,8b0af68792568949c9642e3293528a0931667f98fafdb56f1460e5439150ea7f
data/raw/NEU-CLS/NEU-CLS/Cr_278.bmp,Cr_278.bmp,crazing,0,train,200,200,41078,a2fcc74545387fe22934251da788df097330b19985419e7a5678af7b4ed55384
data/raw/NEU-CLS/NEU-CLS/Cr_276.bmp,Cr_276.bmp,crazing,0,train,200,200,41078,bbfe2b7edf94c3d3b47c08b4590ff5faaa32eb195dcbbc0641fb26d7758c4c8b
data/raw/NEU-CLS/NEU-CLS/Cr_174.bmp,Cr_174.bmp,crazing,0,train,200,200,41078,6bd74e368fd58e33e31c470782329d2d300cbcbc28a3b58537a988322c89073a
data/raw/NEU-CLS/NEU-CLS/Cr_257.bmp,Cr_257.bmp,crazing,0,val,200,200,41078,3190a430e7286c73b7e9f7c7ea7d9fa03d5fa857446c39e784911d31944a81be
data/raw/NEU-CLS/NEU-CLS/Cr_15.bmp,Cr_15.bmp,crazing,0,val,200,200,41078,912b4054cfe14ee06247dce91760573dbd2a3ec1c95c6d8bfe926ca5031e72b3
data/raw/NEU-CLS/NEU-CLS/Cr_74.bmp,Cr_74.bmp,crazing,0,val,200,200,41078,b188ae240f986b5049dd638c5ba2b6b7dffe9382d167722172f234c7f5b78308
data/raw/NEU-CLS/NEU-CLS/Cr_66.bmp,Cr_66.bmp,crazing,0,val,200,200,41078,b6b53d25f7a25ee4f2c53663d495839d941f38c328d3a46a5fba4321d3711a5a
data/raw/NEU-CLS/NEU-CLS/Cr_246.bmp,Cr_246.bmp,crazing,0,val,200,200,41078,be69b1c328e1eeda527bf6ae6b94940ea0a0fb0dc5c3a5da89142e3686118d6e
data/raw/NEU-CLS/NEU-CLS/Cr_161.bmp,Cr_161.bmp,crazing,0,val,200,200,41078,70fd4440be65c2f974f3212136978cc757d731e63539c9888e798a6f01e5e268
data/raw/NEU-CLS/NEU-CLS/Cr_45.bmp,Cr_45.bmp,crazing,0,val,200,200,41078,82630ade116f628f31a5294c6e9efbfc318bb4d3bf1405cbd120d49e6d71e054
data/raw/NEU-CLS/NEU-CLS/Cr_205.bmp,Cr_205.bmp,crazing,0,val,200,200,41078,d7532c6175f12777add26642ba9542c893d79dda7585fed657d3e2860180f6ac
data/raw/NEU-CLS/NEU-CLS/Cr_4.bmp,Cr_4.bmp,crazing,0,val,200,200,41078,fec45c9fb9bbc71fa03bc2f676e9e4ce929a0c5ed0787a4580685c56b861a2b4
data/raw/NEU-CLS/NEU-CLS/Cr_155.bmp,Cr_155.bmp,crazing,0,val,200,200,41078,0ae9d985d5c45c90ef40ea84432c4c269b7d1ef8e99823d4ad699853491ac531
data/raw/NEU-CLS/NEU-CLS/Cr_267.bmp,Cr_267.bmp,crazing,0,val,200,200,41078,ee0bce9cfe3feda5c3887fa9b5d2b7d614ef05a58d4932013d8a04de3a1ce357
data/raw/NEU-CLS/NEU-CLS/Cr_221.bmp,Cr_221.bmp,crazing,0,val,200,200,41078,b73270e56efaaaf314b28916b00a44727c1420463d3487f8a586797955a0b558
data/raw/NEU-CLS/NEU-CLS/Cr_138.bmp,Cr_138.bmp,crazing,0,val,200,200,41078,2023542a3209a50c2b979b623e1e514b2cc5e5ece7dcaf0def7b65ee642d5e19
data/raw/NEU-CLS/NEU-CLS/Cr_42.bmp,Cr_42.bmp,crazing,0,val,200,200,41078,d5a2a184ad281b1f5b5157b0ea5ca4281e2de668a147b6375b0c4933675b51ba
data/raw/NEU-CLS/NEU-CLS/Cr_239.bmp,Cr_239.bmp,crazing,0,val,200,200,41078,b35c8c51abb77de8e83ab2e017285a70ec89e4cd58e36e8321e9dd0488291d54
data/raw/NEU-CLS/NEU-CLS/Cr_115.bmp,Cr_115.bmp,crazing,0,val,200,200,41078,a2674340e902f8dc878dc0b6c456077267a29bae4b7b032330abbcad36508ece
data/raw/NEU-CLS/NEU-CLS/Cr_248.bmp,Cr_248.bmp,crazing,0,val,200,200,41078,fd7a31ecbb95f286ae77bec8ac682b819815a460a3f2d5e737b4d11d904bcb4c
data/raw/NEU-CLS/NEU-CLS/Cr_75.bmp,Cr_75.bmp,crazing,0,val,200,200,41078,4182350f60dc4ea46dc0c469a1e08da830763c34a62506c99098e8ac93c2d8a7
data/raw/NEU-CLS/NEU-CLS/Cr_260.bmp,Cr_260.bmp,crazing,0,val,200,200,41078,c4aad723eda338930484b36bba4a6bd0134c4ac259ac98368091fefe751dd80b
data/raw/NEU-CLS/NEU-CLS/Cr_160.bmp,Cr_160.bmp,crazing,0,val,200,200,41078,ca07640b9a318fc0f9d9387008cc75a5fdee1947b9ad8fcb0efd3a074c1f0013
data/raw/NEU-CLS/NEU-CLS/Cr_253.bmp,Cr_253.bmp,crazing,0,val,200,200,41078,7fbdad14c539e874d2d951ed28b67045d273f70fce951428f88efea793d0e69c
data/raw/NEU-CLS/NEU-CLS/Cr_147.bmp,Cr_147.bmp,crazing,0,val,200,200,41078,7963b68d4b5f0a3c949ffa62944d98e0cfb418a5ab54d47b68f3e95ed7ce3ee2
data/raw/NEU-CLS/NEU-CLS/Cr_180.bmp,Cr_180.bmp,crazing,0,val,200,200,41078,1d982b8967979e42fc8b4d2847c2d1f64a8cd1e8c5709bab9dd557f37402d381
data/raw/NEU-CLS/NEU-CLS/Cr_184.bmp,Cr_184.bmp,crazing,0,val,200,200,41078,dc9cc7703300b6bf22d0569cb0202b3e766f4fd4f169a6ea911c98178dd6bbd7
data/raw/NEU-CLS/NEU-CLS/Cr_136.bmp,Cr_136.bmp,crazing,0,val,200,200,41078,4f399b5dbfa06423f63629877d63c941950bac79d103483342d7552b1c6a68f7
data/raw/NEU-CLS/NEU-CLS/Cr_183.bmp,Cr_183.bmp,crazing,0,val,200,200,41078,cd5f239da2599dd1d67228d4a938a68a482577e5b8d4feb4944d27870f61e724
data/raw/NEU-CLS/NEU-CLS/Cr_291.bmp,Cr_291.bmp,crazing,0,val,200,200,41078,aa28dc1c3ddaf33aa2adbf5428caa554bd41b2407a9c404ebde79c8841d2b8de
data/raw/NEU-CLS/NEU-CLS/Cr_245.bmp,Cr_245.bmp,crazing,0,val,200,200,41078,faf1b939e42d86afa212cb15b01db3bd0cd74bec0df305b43b1a63f1a388e018
data/raw/NEU-CLS/NEU-CLS/Cr_203.bmp,Cr_203.bmp,crazing,0,val,200,200,41078,86ce019c2bfe0712d04262b74173f48d536a122802c1b9d0a69537448e3de0e3
data/raw/NEU-CLS/NEU-CLS/Cr_94.bmp,Cr_94.bmp,crazing,0,val,200,200,41078,007e3603a89131d42d4f6d347ad8ed56df84e57f9db6427131a6db3986179e50
data/raw/NEU-CLS/NEU-CLS/Cr_187.bmp,Cr_187.bmp,crazing,0,val,200,200,41078,7934a9ecec4a25077894ec39a9a0f341b7f8c552582c26764cd131e79f775e7c
data/raw/NEU-CLS/NEU-CLS/Cr_121.bmp,Cr_121.bmp,crazing,0,val,200,200,41078,b93d177dc752cb0729129f2a3b8924a6368885d860504c84dc259f7f19bf20a3
data/raw/NEU-CLS/NEU-CLS/Cr_299.bmp,Cr_299.bmp,crazing,0,val,200,200,41078,19f67978b31487d87215b6bb196ee96c7e8e01eeb71b50af57a30e06d1657b79
data/raw/NEU-CLS/NEU-CLS/Cr_152.bmp,Cr_152.bmp,crazing,0,val,200,200,41078,68876b20966218024c8af2041f767eff0f24b7b0027ebad12051bec7a5b64516
data/raw/NEU-CLS/NEU-CLS/Cr_296.bmp,Cr_296.bmp,crazing,0,val,200,200,41078,23ca62bb93ea4c295cbb1bb25aebac20a8ef48d8e91078e61ebaadf16cca46ab
data/raw/NEU-CLS/NEU-CLS/Cr_117.bmp,Cr_117.bmp,crazing,0,val,200,200,41078,9d8adb94626e4d1737e0568b129b1b3de5a2dc5e54d013c02c3636a25e8a24e8
data/raw/NEU-CLS/NEU-CLS/Cr_166.bmp,Cr_166.bmp,crazing,0,val,200,200,41078,a298e9765d3cc6ddd2f278d3a51566aab766c6059aa02923d64766867a86ad90
data/raw/NEU-CLS/NEU-CLS/Cr_277.bmp,Cr_277.bmp,crazing,0,val,200,200,41078,a244b883514a68a5fa1b975b2586567ded286c11aa9946da7a32bc1370c25daf
data/raw/NEU-CLS/NEU-CLS/Cr_151.bmp,Cr_151.bmp,crazing,0,val,200,200,41078,fd6e785e1e92b6a181a82ce0cc6ea7391d51c260d6ff59721930beec7858c210
data/raw/NEU-CLS/NEU-CLS/Cr_251.bmp,Cr_251.bmp,crazing,0,val,200,200,41078,c99e2b4d034f208a6b337c3fb772327cdb158c5dd2cd7cf91bb3f8e574f7c82e
data/raw/NEU-CLS/NEU-CLS/Cr_109.bmp,Cr_109.bmp,crazing,0,val,200,200,41078,ae759a2af2b9832cd4fb07499e497042fd4a8ee394d9273c23a25f2be425baba
data/raw/NEU-CLS/NEU-CLS/Cr_114.bmp,Cr_114.bmp,crazing,0,val,200,200,41078,03c60e1f24bb9d965796fdc26bcaae6c9ba5013261d4227758c570c6f9363575
data/raw/NEU-CLS/NEU-CLS/Cr_261.bmp,Cr_261.bmp,crazing,0,val,200,200,41078,ec384ebfacf63a2b121d1e4d3008dc26e307779021b476237fa62f5635e03034
data/raw/NEU-CLS/NEU-CLS/Cr_68.bmp,Cr_68.bmp,crazing,0,val,200,200,41078,4c695c51deb0780e8049a3f1d8a6c77518d89f9374f90ddcd69c0f3394990610
data/raw/NEU-CLS/NEU-CLS/Cr_231.bmp,Cr_231.bmp,crazing,0,val,200,200,41078,d3da639be9421a772178e1502f199ec54dbee24d3b1168e930b5c1a6380420fe
data/raw/NEU-CLS/NEU-CLS/Cr_266.bmp,Cr_266.bmp,crazing,0,test,200,200,41078,9d1171822d3e4a5f2928b585c66da895337f059be24c310adf39604352870792
data/raw/NEU-CLS/NEU-CLS/Cr_234.bmp,Cr_234.bmp,crazing,0,test,200,200,41078,355f4ca97cef48ea048bb5cdb80f3146eacdba1d7cc884ca779740260a650748
data/raw/NEU-CLS/NEU-CLS/Cr_135.bmp,Cr_135.bmp,crazing,0,test,200,200,41078,af0012c2d699f6d5a98f22d45b78a7aaa7de6ffc1b5fd033454202f76beebabe
data/raw/NEU-CLS/NEU-CLS/Cr_273.bmp,Cr_273.bmp,crazing,0,test,200,200,41078,b284dd0f030db216f029313eb1000a098d8ebecd6f18f63ca54dc375b4608afe
data/raw/NEU-CLS/NEU-CLS/Cr_156.bmp,Cr_156.bmp,crazing,0,test,200,200,41078,10c90712cd1fe3512225e2d9be3065d1d382e5fc2be330abf75cf5d11c4ca2b5
data/raw/NEU-CLS/NEU-CLS/Cr_40.bmp,Cr_40.bmp,crazing,0,test,200,200,41078,1d86a3dc3179c61d3564fd927d9c1d5b8e697dbbd2561dbd2754d0ed3c6916f0
data/raw/NEU-CLS/NEU-CLS/Cr_119.bmp,Cr_119.bmp,crazing,0,test,200,200,41078,4cc89efb9dab910209ca53ddf059d82d97bb332dd0259f91e071b7409fa1f349
data/raw/NEU-CLS/NEU-CLS/Cr_220.bmp,Cr_220.bmp,crazing,0,test,200,200,41078,ed936b91cf49b311382da8774755d72f4b7f0b23543bccf00a1b05e3456edb78
data/raw/NEU-CLS/NEU-CLS/Cr_258.bmp,Cr_258.bmp,crazing,0,test,200,200,41078,c5504ee470e92228b30be1544b1e19335bacb66f5b27f3af2f06b5ef29c245f6
data/raw/NEU-CLS/NEU-CLS/Cr_264.bmp,Cr_264.bmp,crazing,0,test,200,200,41078,633eb089d09acf9c459686d2ef272fa902f2a8d8a9731797f6c3bdb844da56c2
data/raw/NEU-CLS/NEU-CLS/Cr_143.bmp,Cr_143.bmp,crazing,0,test,200,200,41078,1ad4bbfa6884d2fa61bb6f9d08d13e5476e9db7b8e024ba3ded39094ba8fa703
data/raw/NEU-CLS/NEU-CLS/Cr_274.bmp,Cr_274.bmp,crazing,0,test,200,200,41078,9696ac2b3a00d423993283538fcf7710b8a59b8c3500983f05738b7513069ba0
data/raw/NEU-CLS/NEU-CLS/Cr_88.bmp,Cr_88.bmp,crazing,0,test,200,200,41078,18d5d61cf0a2b127f2a0d4777f5ebe131943d27d168a4808b9341410a35193d4
data/raw/NEU-CLS/NEU-CLS/Cr_93.bmp,Cr_93.bmp,crazing,0,test,200,200,41078,601faab82542b57dcc0259b442a797e566ba60076e0bfd0999a33d8adc67b1f6
data/raw/NEU-CLS/NEU-CLS/Cr_254.bmp,Cr_254.bmp,crazing,0,test,200,200,41078,b7083b92ec39b6476e8fdf9b60e518aea525827450d6d269a95ca133d432d386
data/raw/NEU-CLS/NEU-CLS/Cr_199.bmp,Cr_199.bmp,crazing,0,test,200,200,41078,9028d19c3c544d4c11a32b239b9eb26feeb0e8821e21d681836d59e559caefff
data/raw/NEU-CLS/NEU-CLS/Cr_170.bmp,Cr_170.bmp,crazing,0,test,200,200,41078,d14e80d4e6b16586e677825c3acce70c256121cac91723c155d873ca83797897
data/raw/NEU-CLS/NEU-CLS/Cr_79.bmp,Cr_79.bmp,crazing,0,test,200,200,41078,a3febff52f790d46876bc94e260b1ba401bd7339a8ff92b0165216c5ce1e9bce
data/raw/NEU-CLS/NEU-CLS/Cr_256.bmp,Cr_256.bmp,crazing,0,test,200,200,41078,83aad1a3cf7d93127c0687c2410a6a9ac35f9ed6a02460b667c9c1f92273119c
data/raw/NEU-CLS/NEU-CLS/Cr_90.bmp,Cr_90.bmp,crazing,0,test,200,200,41078,38fc310a69bb8d57260b1683e6fe75dab9b5e84d5f07596f325501a2ff3d4683
data/raw/NEU-CLS/NEU-CLS/Cr_172.bmp,Cr_172.bmp,crazing,0,test,200,200,41078,eea11f069b3cd5870a9223ef5ddb70e0f6eeb26cb17710ca3faba26cce108e9c
data/raw/NEU-CLS/NEU-CLS/Cr_101.bmp,Cr_101.bmp,crazing,0,test,200,200,41078,f4d1a2e09ec7082532a6cdfb9341d96487f8754249a150d9abdab30aea4a66e3
data/raw/NEU-CLS/NEU-CLS/Cr_227.bmp,Cr_227.bmp,crazing,0,test,200,200,41078,cbbd0a09846ccc7d28a81e54d4f6716fdeeaf3035e77c36c6cf67b2155d4328b
data/raw/NEU-CLS/NEU-CLS/Cr_35.bmp,Cr_35.bmp,crazing,0,test,200,200,41078,cc34bcd0bd7e74fc91c7b2e9d5bacea1ddef70ac9287c13317f4052a6036ce9f
data/raw/NEU-CLS/NEU-CLS/Cr_20.bmp,Cr_20.bmp,crazing,0,test,200,200,41078,e30f004d3f570fa7b589c5e6f71feb59632d65704bd5737166d98bd33a891d3d
data/raw/NEU-CLS/NEU-CLS/Cr_292.bmp,Cr_292.bmp,crazing,0,test,200,200,41078,f5aed0305ffa0f6249c736a9733928c866689a2612ebc43370aa2212afeb3498
data/raw/NEU-CLS/NEU-CLS/Cr_92.bmp,Cr_92.bmp,crazing,0,test,200,200,41078,d5cf0725d915a322b27665e5495262728b52e27859d4f05a8ac68a5c0ae4069c
data/raw/NEU-CLS/NEU-CLS/Cr_190.bmp,Cr_190.bmp,crazing,0,test,200,200,41078,9d2f22d6223510e7982a8dc52bed01ad98f9fefccac81cc40bff470f558ddc48
data/raw/NEU-CLS/NEU-CLS/Cr_110.bmp,Cr_110.bmp,crazing,0,test,200,200,41078,f26323e083a583df04dad2e850ec17d779b806a40a121142deaf359357d27e01
data/raw/NEU-CLS/NEU-CLS/Cr_61.bmp,Cr_61.bmp,crazing,0,test,200,200,41078,a8cf66ba200f49c42f1299fa18d13c48ff7542a257375056816caa0f61ff1a29
data/raw/NEU-CLS/NEU-CLS/Cr_206.bmp,Cr_206.bmp,crazing,0,test,200,200,41078,7a5e6d0c57d1c33af9873088c98cc29bc424913ece5658ff76b1e64fd3928232
data/raw/NEU-CLS/NEU-CLS/Cr_2.bmp,Cr_2.bmp,crazing,0,test,200,200,41078,e3b85e0b04a544cce2eeef9a705dfe173fb37ee31bc40fb9520c8470e8d369d2
data/raw/NEU-CLS/NEU-CLS/Cr_141.bmp,Cr_141.bmp,crazing,0,test,200,200,41078,17039a9e277240c6f6d17ea30f94549506e48092b2ee227f85b9dc01c0cf2079
data/raw/NEU-CLS/NEU-CLS/Cr_112.bmp,Cr_112.bmp,crazing,0,test,200,200,41078,be2ea87078d85ab3ae02381f5dbd8fdfadd672160af46a71b47ce41cde560f49
data/raw/NEU-CLS/NEU-CLS/Cr_113.bmp,Cr_113.bmp,crazing,0,test,200,200,41078,47d842a3dd3d3a00a297608cbe54e8fb5aff3dc0d47fc52d72292465d4a1c7cd
data/raw/NEU-CLS/NEU-CLS/Cr_294.bmp,Cr_294.bmp,crazing,0,test,200,200,41078,ee95ec49c7e094c663df3d3978a90ae867482e1f484f87dfe9cb14354b0f7317
data/raw/NEU-CLS/NEU-CLS/Cr_139.bmp,Cr_139.bmp,crazing,0,test,200,200,41078,0641f0f95040c11ef5cfd8c28630ff756abfb35d0a37fd8bad520cd13560fccc
data/raw/NEU-CLS/NEU-CLS/Cr_80.bmp,Cr_80.bmp,crazing,0,test,200,200,41078,e4b0dd615225997634bb4cbe2a9c372e0d0ba7d07d87208d928fb9c6a5bcee1c
data/raw/NEU-CLS/NEU-CLS/Cr_146.bmp,Cr_146.bmp,crazing,0,test,200,200,41078,b84f25bce9933778b2da124a889456807ed74ef9f9bbdb98763f069e4383af77
data/raw/NEU-CLS/NEU-CLS/Cr_163.bmp,Cr_163.bmp,crazing,0,test,200,200,41078,1e6bbdf14fc1f5eca0ccb4a29debdf74a595659249d5b62c72d23dd453e90d5f
data/raw/NEU-CLS/NEU-CLS/Cr_201.bmp,Cr_201.bmp,crazing,0,test,200,200,41078,943212c7d4cb5f35e762175daee07c96df5dceff2eb9865ead9eda6befba25ae
data/raw/NEU-CLS/NEU-CLS/Cr_211.bmp,Cr_211.bmp,crazing,0,test,200,200,41078,16189ea65725960cd798a8e00e81b2fff15aad5548beaccae3c42240ab304e94
data/raw/NEU-CLS/NEU-CLS/Cr_225.bmp,Cr_225.bmp,crazing,0,test,200,200,41078,31ba57c68f65bfccbcdc3d6e76c2d747d960e02b5f1f1f7a3c0ca2ab6f5ffb77
data/raw/NEU-CLS/NEU-CLS/Cr_11.bmp,Cr_11.bmp,crazing,0,test,200,200,41078,4850e8e5b5a2168518b8af3ff9ea9701da5b9f19d42902408b878efe3541ebc8
data/raw/NEU-CLS/NEU-CLS/Cr_150.bmp,Cr_150.bmp,crazing,0,test,200,200,41078,4edf464b42f38f690c593f2eb7814bc2d05faa9067327261f8ba048829d3cf3d
data/raw/NEU-CLS/NEU-CLS/In_216.bmp,In_216.bmp,inclusion,1,train,200,200,41078,a5d93cf82a9b2e6045da7536ef306edb380b603e8e5db675c245898553dfbb45
data/raw/NEU-CLS/NEU-CLS/In_30.bmp,In_30.bmp,inclusion,1,train,200,200,41078,e76b8adcccbe7f535769fbd1afc5f3ee4f26b2f25f8afe92f76efe39f0391ea3
data/raw/NEU-CLS/NEU-CLS/In_152.bmp,In_152.bmp,inclusion,1,train,200,200,41078,6fa2fc55c87a596c550b156ec752afe0b2c2532556666b55d9ef0d2071e710c7
data/raw/NEU-CLS/NEU-CLS/In_217.bmp,In_217.bmp,inclusion,1,train,200,200,41078,e29c0f711279161f05a530edd2db796498847eef3cedb4cd71390e5e33e5be26
data/raw/NEU-CLS/NEU-CLS/In_278.bmp,In_278.bmp,inclusion,1,train,200,200,41078,2a1ea0404df3a4c8282cdda05e36693a4d9469403f3543ac99267e1e55989c59
data/raw/NEU-CLS/NEU-CLS/In_208.bmp,In_208.bmp,inclusion,1,train,200,200,41078,e88adc6e98cf4d47c3eb685c4b7c486f524ff24c461dcfad8021ffd662776034
data/raw/NEU-CLS/NEU-CLS/In_223.bmp,In_223.bmp,inclusion,1,train,200,200,41078,7c21bae51357d7f14045d88609783f12ef466a92b850427e7f1d310d2e602e96
data/raw/NEU-CLS/NEU-CLS/In_218.bmp,In_218.bmp,inclusion,1,train,200,200,41078,dc92c402e3cb14e2f08a281ec7116a3cf2be20e3bd49379a0fd734ecb4a1c5f6
data/raw/NEU-CLS/NEU-CLS/In_172.bmp,In_172.bmp,inclusion,1,train,200,200,41078,151b4963f0c42a0d2526879fb213fa3880a39a05ed7a2f126d04cbcb3e2a6a39
data/raw/NEU-CLS/NEU-CLS/In_101.bmp,In_101.bmp,inclusion,1,train,200,200,41078,b498f4cd65edb07ea112432ea0235f653c1d8a3b6b796e2f24507a070c0906bf
data/raw/NEU-CLS/NEU-CLS/In_56.bmp,In_56.bmp,inclusion,1,train,200,200,41078,37e862247d20ce89665be9ee38d5ce28d7bd900ca916f15037094f21dbde3b6d
data/raw/NEU-CLS/NEU-CLS/In_23.bmp,In_23.bmp,inclusion,1,train,200,200,41078,18511914a488c29066678312372ee6d964769aecfe4ff2d4e6c8cb83e6f897fd
data/raw/NEU-CLS/NEU-CLS/In_95.bmp,In_95.bmp,inclusion,1,train,200,200,41078,d169dec7fd5cdd569b9f24776726a9a48768ddcc48768b2a7d11c397ff9b847c
data/raw/NEU-CLS/NEU-CLS/In_167.bmp,In_167.bmp,inclusion,1,train,200,200,41078,994056d739dd13c259dff0fa4e46b3b1daa030acfb07f54d47f742aae95d6cf9
data/raw/NEU-CLS/NEU-CLS/In_186.bmp,In_186.bmp,inclusion,1,train,200,200,41078,93aa1e6c6d6ec62abba638f64bcae72a27f36ee73f7796dac0056d8ff487cb56
data/raw/NEU-CLS/NEU-CLS/In_273.bmp,In_273.bmp,inclusion,1,train,200,200,41078,99160541a15d85391917ed070741a7010d35a72ff095100eab31c1b9e3e79b46
data/raw/NEU-CLS/NEU-CLS/In_206.bmp,In_206.bmp,inclusion,1,train,200,200,41078,43d07b8d3179e7176e2a6ced968460b527279bf5803e0c6abc266d3a694d6eae
data/raw/NEU-CLS/NEU-CLS/In_213.bmp,In_213.bmp,inclusion,1,train,200,200,41078,1b6cdc8df98f915acd3da1b5977fcc46c895f2a9c02184c2077ccdb06e9c9936
data/raw/NEU-CLS/NEU-CLS/In_66.bmp,In_66.bmp,inclusion,1,train,200,200,41078,0f4251e8db7e9529cf369ec7f375239c084baa94d231c62e26ca7248c494ae07
data/raw/NEU-CLS/NEU-CLS/In_188.bmp,In_188.bmp,inclusion,1,train,200,200,41078,11456be7929ae89a6f0097f13bec2370c092ab94e8e3b802ca3db3a6325bfde7
data/raw/NEU-CLS/NEU-CLS/In_80.bmp,In_80.bmp,inclusion,1,train,200,200,41078,8c2189f7ca0f187b3c4d60e12dc126a23f59dde9dde83084c05114163a4740ed
data/raw/NEU-CLS/NEU-CLS/In_57.bmp,In_57.bmp,inclusion,1,train,200,200,41078,1a421c52bb22e9640e41bcd8f0832066fce14847535d999b596ccc1f3ea29291
data/raw/NEU-CLS/NEU-CLS/In_86.bmp,In_86.bmp,inclusion,1,train,200,200,41078,a0887ff75522cb5fa9c007f944d6cffa9922a4f5441b077cac223cd8a28cb0b3
data/raw/NEU-CLS/NEU-CLS/In_269.bmp,In_269.bmp,inclusion,1,train,200,200,41078,36f22f6a7da4346670fd57cef9eb27e3817509fae335e767bde54cae6e2f5a2b
data/raw/NEU-CLS/NEU-CLS/In_293.bmp,In_293.bmp,inclusion,1,train,200,200,41078,1bea002f9fa4f2581021ed519d142a635d8f83390dd7a199068535a633488b4a
data/raw/NEU-CLS/NEU-CLS/In_268.bmp,In_268.bmp,inclusion,1,train,200,200,41078,859061502a15191ae4c736800105ffb09111e10cef7f957268640f961f883b48
data/raw/NEU-CLS/NEU-CLS/In_202.bmp,In_202.bmp,inclusion,1,train,200,200,41078,db1990412d3ea570a68f546e298719cbe3a4fc1ffcd69de6b77a2bacf038c72a
data/raw/NEU-CLS/NEU-CLS/In_195.bmp,In_195.bmp,inclusion,1,train,200,200,41078,a6e9f9c4c8329820a334646a55e596950dda40aaf0bc3676e932ff2091ea18e4
data/raw/NEU-CLS/NEU-CLS/In_232.bmp,In_232.bmp,inclusion,1,train,200,200,41078,74d1dc6e6854f6de595ef6bf1f28a429ff3e282adf81d03ceb6bc2fdb03ea2cf
data/raw/NEU-CLS/NEU-CLS/In_77.bmp,In_77.bmp,inclusion,1,train,200,200,41078,278228afccc662a9f593b2ed49e2add1e14929deadfa8d52310710bed0e18188
data/raw/NEU-CLS/NEU-CLS/In_91.bmp,In_91.bmp,inclusion,1,train,200,200,41078,769fbce6842c2b5c4ee2db9ed78a14e765425b07107a1a24306fb59b766140d6
data/raw/NEU-CLS/NEU-CLS/In_242.bmp,In_242.bmp,inclusion,1,train,200,200,41078,bb4e9d2919662ea12527050500c8e65e15536bcdf15d0da5b77926d3f0e5ad1b
data/raw/NEU-CLS/NEU-CLS/In_266.bmp,In_266.bmp,inclusion,1,train,200,200,41078,54e3c1a3e4510101c315298032dfe8e55da787a399803caca34ee5578a7e3c07
data/raw/NEU-CLS/NEU-CLS/In_10.bmp,In_10.bmp,inclusion,1,train,200,200,41078,1d39e7281f7c93d307439c3b9e4daa73b9552371850a7bd804e2c7383dbdccdf
data/raw/NEU-CLS/NEU-CLS/In_230.bmp,In_230.bmp,inclusion,1,train,200,200,41078,78caf3234e90a75853bb6704b8489a99f23f1e39ae93bf666cf9ebd4150bcf86
data/raw/NEU-CLS/NEU-CLS/In_11.bmp,In_11.bmp,inclusion,1,train,200,200,41078,137b7bdb5aab2b83643740886799762f8bb7658bf336533a6f1f63c0d996c59e
data/raw/NEU-CLS/NEU-CLS/In_28.bmp,In_28.bmp,inclusion,1,train,200,200,41078,f1a0bb403abc49997a41e52d0c90e719cc61173e5277a732708a6b5622934267
data/raw/NEU-CLS/NEU-CLS/In_290.bmp,In_290.bmp,inclusion,1,train,200,200,41078,efc71cff141f743f5784b9a34e87b662e24f9697119fbc945dc5e8551c75c19d
data/raw/NEU-CLS/NEU-CLS/In_174.bmp,In_174.bmp,inclusion,1,train,200,200,41078,6ebe83148ac8c6d32e60121ae3ee69d6d8ad7de938373cf1a64db86f85b93e76
data/raw/NEU-CLS/NEU-CLS/In_250.bmp,In_250.bmp,inclusion,1,train,200,200,41078,a645a907ccbe399b68122dab5caa28d9b7a289bb77cdf323845cccd771a7abd3
data/raw/NEU-CLS/NEU-CLS/In_118.bmp,In_118.bmp,inclusion,1,train,200,200,41078,269f980af63b65bc0180c66d40980ee1321041557c38e299ec0ad9d87039c1c0
data/raw/NEU-CLS/NEU-CLS/In_99.bmp,In_99.bmp,inclusion,1,train,200,200,41078,eeb32c5a9b8a9b90eaf03bf805611e974f6043db776e6564fb25e319e8f505c2
data/raw/NEU-CLS/NEU-CLS/In_179.bmp,In_179.bmp,inclusion,1,train,200,200,41078,95ad17f0dd82ac4bd943d0b582419b764e3a3467d255dfc581313f7b8f3f2841
data/raw/NEU-CLS/NEU-CLS/In_196.bmp,In_196.bmp,inclusion,1,train,200,200,41078,719b397c820a12164e8f41bc63cd53dc7545446a426d47c3c694b485a988b0d0
data/raw/NEU-CLS/NEU-CLS/In_177.bmp,In_177.bmp,inclusion,1,train,200,200,41078,a671dda911ec56f548602491d586d3de239cc98d8eec9a1c5bbefbc2586c5013
data/raw/NEU-CLS/NEU-CLS/In_58.bmp,In_58.bmp,inclusion,1,train,200,200,41078,23041ec039101e1d5a5f1bffef424117f061173a71107140ef96dbe54508f844
data/raw/NEU-CLS/NEU-CLS/In_192.bmp,In_192.bmp,inclusion,1,train,200,200,41078,5bb65283d27e4cc18a2598957ad89580c49463d99aa7dbc442146437e7a8126a
data/raw/NEU-CLS/NEU-CLS/In_231.bmp,In_231.bmp,inclusion,1,train,200,200,41078,c6521792526253b4f248f95c0964e8ad88539f800c858ee6c97dfcc88b9d8d18
data/raw/NEU-CLS/NEU-CLS/In_88.bmp,In_88.bmp,inclusion,1,train,200,200,41078,76a4a2339415d2f52af64dfacf0ea66ca89441b361645e72b423d7eaa11778a5
data/raw/NEU-CLS/NEU-CLS/In_141.bmp,In_141.bmp,inclusion,1,train,200,200,41078,e780ff54837afde4e67248e4be0aee8be54387d654af287374c3f4cf68448a95
data/raw/NEU-CLS/NEU-CLS/In_48.bmp,In_48.bmp,inclusion,1,train,200,200,41078,9abfa7bdd79c8bd3c7dd24699fe26ae37c3ee2989e30d61ebdf1f69736fab652
data/raw/NEU-CLS/NEU-CLS/In_126.bmp,In_126.bmp,inclusion,1,train,200,200,41078,2278d09af86a6c8bcfcaac7ca84bac6726d12c9171242b9158c70b2f8178a61d
data/raw/NEU-CLS/NEU-CLS/In_280.bmp,In_280.bmp,inclusion,1,train,200,200,41078,12ab8ce4add7ef5d44fdab727004d4348e15514b6aa398d943cfa404a3e66ad3
data/raw/NEU-CLS/NEU-CLS/In_205.bmp,In_205.bmp,inclusion,1,train,200,200,41078,8e29990cd62e9b53ded0ea3cb369247fb206e12ceaef6ee884122761bacfe88b
data/raw/NEU-CLS/NEU-CLS/In_138.bmp,In_138.bmp,inclusion,1,train,200,200,41078,48baf5aa972f59fc44de683d268ad6cc153b66365475d86f3883a9d920eebe70
data/raw/NEU-CLS/NEU-CLS/In_229.bmp,In_229.bmp,inclusion,1,train,200,200,41078,41cbf44bf45ede704689d82e757ddfd897d32e017df8e4f15a973cfe5493af3a
data/raw/NEU-CLS/NEU-CLS/In_265.bmp,In_265.bmp,inclusion,1,train,200,200,41078,77ab0c5731f6451b9cedd2579dfe73ac36c8eb7f818bf4a4ec350a9c697f25a4
data/raw/NEU-CLS/NEU-CLS/In_299.bmp,In_299.bmp,inclusion,1,train,200,200,41078,7e91490f278ad7572e22710792ed6020ba7b1d150ed5f3b0416e5fa1839cc157
data/raw/NEU-CLS/NEU-CLS/In_75.bmp,In_75.bmp,inclusion,1,train,200,200,41078,c7995c34de36185cf2683282d4dae10e51c0efa30f8dd481f64d885d14a28e46
data/raw/NEU-CLS/NEU-CLS/In_225.bmp,In_225.bmp,inclusion,1,train,200,200,41078,a1db7538a125d7f0648e768c7e692ee9ce970222dbf9a28c114faba33037650d
data/raw/NEU-CLS/NEU-CLS/In_189.bmp,In_189.bmp,inclusion,1,train,200,200,41078,c04956c13262b4f91d75e1c970dbf22d70447b8666a31e0cf8e546480ee6cd3a
data/raw/NEU-CLS/NEU-CLS/In_227.bmp,In_227.bmp,inclusion,1,train,200,200,41078,9e34b1d4c631bf8293698e1747fcb15883be4cf952c3a3f66559e6f494d6bd84
data/raw/NEU-CLS/NEU-CLS/In_144.bmp,In_144.bmp,inclusion,1,train,200,200,41078,41d8af114619a77bf63b71892ddbffbeb077b87ada4f9837274ff163a04fa191
data/raw/NEU-CLS/NEU-CLS/In_39.bmp,In_39.bmp,inclusion,1,train,200,200,41078,9bfa6c348e2b44d6bea65767be2f6aed8129a269fa1ff4ee645bebb2ce4bf264
data/raw/NEU-CLS/NEU-CLS/In_248.bmp,In_248.bmp,inclusion,1,train,200,200,41078,b61d2c6ef5bc00707c9205d4bbf99d532a2a40e9cbf606b5e68538d1071c56ad
data/raw/NEU-CLS/NEU-CLS/In_131.bmp,In_131.bmp,inclusion,1,train,200,200,41078,101e89e0eb9f53f733ea18d63bb748e700b6d803210a89c058a8c19b01563b65
data/raw/NEU-CLS/NEU-CLS/In_294.bmp,In_294.bmp,inclusion,1,train,200,200,41078,8fc87705dd62308106d60eedd0bf2554f5150f221d9e3c2b51de285e4fe04088
data/raw/NEU-CLS/NEU-CLS/In_297.bmp,In_297.bmp,inclusion,1,train,200,200,41078,ea3e3d5f7a7c6d407bc6263e95dfac16802b9872b62953e19b016c6efee6d70b
data/raw/NEU-CLS/NEU-CLS/In_256.bmp,In_256.bmp,inclusion,1,train,200,200,41078,bc93e43f687c05818ec14624d0df8c1c12b4b72c53194037e86df4f60a6e3b46
data/raw/NEU-CLS/NEU-CLS/In_173.bmp,In_173.bmp,inclusion,1,train,200,200,41078,1e070723d24968553d70915e1eb13fadbebc4a9449be172db3fd3e8290a5a8de
data/raw/NEU-CLS/NEU-CLS/In_68.bmp,In_68.bmp,inclusion,1,train,200,200,41078,e5cb856e4fdc84307746d2acb2320371d6eb61f3505635b198d237253bada71a
data/raw/NEU-CLS/NEU-CLS/In_142.bmp,In_142.bmp,inclusion,1,train,200,200,41078,fca04a22485a33817685f0b7bc9466a610ec7ed1ca55431de9eacbf71456549d
data/raw/NEU-CLS/NEU-CLS/In_38.bmp,In_38.bmp,inclusion,1,train,200,200,41078,a1e2524d81f450c55317f2df8b343d93d5dc2c2a6443641e6a5d37d37027c19a
data/raw/NEU-CLS/NEU-CLS/In_236.bmp,In_236.bmp,inclusion,1,train,200,200,41078,44f87bbeae6220f2d4e874ed1482dd352018fd90a4f2148547eee147b16bd636
data/raw/NEU-CLS/NEU-CLS/In_113.bmp,In_113.bmp,inclusion,1,train,200,200,41078,542b3ac5cc454115fa1daca42e798ca2072574797bc7acb26e44e4288011c0cf
data/raw/NEU-CLS/NEU-CLS/In_279.bmp,In_279.bmp,inclusion,1,train,200,200,41078,09d54524d854a547f0cb2fdcc69fbc933e68ee18fd3b4cc175b22f45dce11158
data/raw/NEU-CLS/NEU-CLS/In_34.bmp,In_34.bmp,inclusion,1,train,200,200,41078,deac6d366da983b70fe00ebe75086af6da645bf7e84818af50bc3d680da2c938
data/raw/NEU-CLS/NEU-CLS/In_274.bmp,In_274.bmp,inclusion,1,train,200,200,41078,f321d9ae091fd5cafae51f5afff5ca9c98448931d9bd5103a14e000dd3da7410
data/raw/NEU-CLS/NEU-CLS/In_62.bmp,In_62.bmp,inclusion,1,train,200,200,41078,56cecd5f34db3b8146a8baf1fdd1ce65daacd0681b951db3ee5add28c629b001
data/raw/NEU-CLS/NEU-CLS/In_289.bmp,In_289.bmp,inclusion,1,train,200,200,41078,a3ca1f669ae9e61b6278b593248ea8cd2c1cdcbc88d468133fff4065b2325136
data/raw/NEU-CLS/NEU-CLS/In_69.bmp,In_69.bmp,inclusion,1,train,200,200,41078,d58b78e8d076ddf3f796b819473be13d5388a4949afa83a4b55910548cde9c0b
data/raw/NEU-CLS/NEU-CLS/In_283.bmp,In_283.bmp,inclusion,1,train,200,200,41078,b68f738ae01019cd22cf0fef448ce6924f5eefe8e27f6fd3760258fc762aacb3
data/raw/NEU-CLS/NEU-CLS/In_262.bmp,In_262.bmp,inclusion,1,train,200,200,41078,00f15802b1c3ca141ca2df07fc1d996eeaa5d9cc15c150a29ffa2846b1e8b1f9
data/raw/NEU-CLS/NEU-CLS/In_112.bmp,In_112.bmp,inclusion,1,train,200,200,41078,11dd39a8a8e5d9957c5cf5aeb811cff48dcbf8f2c914930831b3e5abbdbec597
data/raw/NEU-CLS/NEU-CLS/In_214.bmp,In_214.bmp,inclusion,1,train,200,200,41078,1ea2c9007223af9c7e42d2d7b756e188617a2cc1808d9a672632ec7ea17333de
data/raw/NEU-CLS/NEU-CLS/In_284.bmp,In_284.bmp,inclusion,1,train,200,200,41078,e7702df816e4a5c3de98530bf47ca31f7c0a988463200524a42fd928e8bdbb7e
data/raw/NEU-CLS/NEU-CLS/In_97.bmp,In_97.bmp,inclusion,1,train,200,200,41078,764b7ce2a23748a057f47df2d328f5c5bdd4d50d76e5cbf0c793cd6f5ecf02d1
data/raw/NEU-CLS/NEU-CLS/In_137.bmp,In_137.bmp,inclusion,1,train,200,200,41078,e608749b24bdba26965bc1befd8a9996d896b3909906e64a655c0ad17f4fe640
data/raw/NEU-CLS/NEU-CLS/In_201.bmp,In_201.bmp,inclusion,1,train,200,200,41078,2d5cbf669ce72425e29cd9675bc29dc54d51910bfcf28e05b075cf8175533605
data/raw/NEU-CLS/NEU-CLS/In_106.bmp,In_106.bmp,inclusion,1,train,200,200,41078,97e2799efa2151caeb02bd697ef6ba1ba5b348ddca50bd91308d6784c852f100
data/raw/NEU-CLS/NEU-CLS/In_190.bmp,In_190.bmp,inclusion,1,train,200,200,41078,f13b22022d87b4ae53028fa06289e8caed5b057face4401c3de9906d2d54e68c
data/raw/NEU-CLS/NEU-CLS/In_140.bmp,In_140.bmp,inclusion,1,train,200,200,41078,9fbb40611f3590fa1a27bd47a494828c795f0a2480a96ffed1bbf0c488163720
data/raw/NEU-CLS/NEU-CLS/In_89.bmp,In_89.bmp,inclusion,1,train,200,200,41078,f16e71e810507b89a12976f9e1fdadfc45f644b191977fd65d5f41a6f0034bb9
data/raw/NEU-CLS/NEU-CLS/In_64.bmp,In_64.bmp,inclusion,1,train,200,200,41078,2d023cc3d2e360596e9f700308bfc5515434ebb9ad5bb58f500ab77b57531496
data/raw/NEU-CLS/NEU-CLS/In_81.bmp,In_81.bmp,inclusion,1,train,200,200,41078,a6f31ff73b3af43dc1723e5829f1c485613e6ad901de5014cd341e472b2d1094
data/raw/NEU-CLS/NEU-CLS/In_26.bmp,In_26.bmp,inclusion,1,train,200,200,41078,cfc66f7fe17bd6b62ca63cf78e66dc4a1e68536b7eb7a4b7bd8bb0aba6050501
data/raw/NEU-CLS/NEU-CLS/In_182.bmp,In_182.bmp,inclusion,1,train,200,200,41078,1d176be5aed553052ceb6c06012c90be73a9ae5631216fd4a8c38530be3a3663
data/raw/NEU-CLS/NEU-CLS/In_29.bmp,In_29.bmp,inclusion,1,train,200,200,41078,94d216f0261291159e08ae4214b352089d6e7591e59eab72e5533b54d0325a49
data/raw/NEU-CLS/NEU-CLS/In_234.bmp,In_234.bmp,inclusion,1,train,200,200,41078,4e5894da654b510667ff42689a58269a5b59f8592b635305b5186287d3f00b7a
data/raw/NEU-CLS/NEU-CLS/In_159.bmp,In_159.bmp,inclusion,1,train,200,200,41078,8dd6379484940981beec67b77a9cc6cb796738eff81947a777d8b200596e53b3
data/raw/NEU-CLS/NEU-CLS/In_277.bmp,In_277.bmp,inclusion,1,train,200,200,41078,a32ab88ebbe3cfa1c1152cc7bcc90e469cfbd8730b3a96ec32912e97d9ce1c3d
data/raw/NEU-CLS/NEU-CLS/In_94.bmp,In_94.bmp,inclusion,1,train,200,200,41078,b74566320d08b3b40f409e30d94a9a8713abcbdf19e821e0add1940b60ab704a
data/raw/NEU-CLS/NEU-CLS/In_247.bmp,In_247.bmp,inclusion,1,train,200,200,41078,417fec1db5156b15f9b4f32df2867a4a78a676e7e12e66241abd840cfdfa1ee0
data/raw/NEU-CLS/NEU-CLS/In_103.bmp,In_103.bmp,inclusion,1,train,200,200,41078,1219f53388686b3ffef81c0bb71eea439506a83b901a65b1017e3c05004e8186
data/raw/NEU-CLS/NEU-CLS/In_255.bmp,In_255.bmp,inclusion,1,train,200,200,41078,97cc8e0cafa2d94b960e0dd9795e0ff7f97a019964e0510258281a65d4322b82
data/raw/NEU-CLS/NEU-CLS/In_120.bmp,In_120.bmp,inclusion,1,train,200,200,41078,155a9850dba30d1876c0ab3fda1875017555c59421c67966b16d3675b7d91633
data/raw/NEU-CLS/NEU-CLS/In_165.bmp,In_165.bmp,inclusion,1,train,200,200,41078,403ca257eeb60596f3828f348746997ba61885f753dcfbd38c98fc0f217d3f9a
data/raw/NEU-CLS/NEU-CLS/In_221.bmp,In_221.bmp,inclusion,1,train,200,200,41078,61ddf5cd8cb47b2fdb70ba3303ba3e7373df7f94abddce79f2532f7d51f5cb4c
data/raw/NEU-CLS/NEU-CLS/In_76.bmp,In_76.bmp,inclusion,1,train,200,200,41078,5612ea116d0be1672725b668381690aa90c98d7d5a0ae798acb1d9d949559044
data/raw/NEU-CLS/NEU-CLS/In_158.bmp,In_158.bmp,inclusion,1,train,200,200,41078,8589277d9de9997f975041daeea7b20ad1698f999cd349e2fb8a1b0881bf8ee6
data/raw/NEU-CLS/NEU-CLS/In_40.bmp,In_40.bmp,inclusion,1,train,200,200,41078,d80c547e57684ed562744fb8217ed621af2d9dcd005fe8de2f82f1106b2f7de5
data/raw/NEU-CLS/NEU-CLS/In_203.bmp,In_203.bmp,inclusion,1,train,200,200,41078,ab7e6f7cae6629ed130a72b8824337328c9b14b62bd57dc1929a4b53c7264a8c
data/raw/NEU-CLS/NEU-CLS/In_259.bmp,In_259.bmp,inclusion,1,train,200,200,41078,710527565c43bb6ab36fddc2c5384d67aa9d72108a9ffd47b031fb96863d2899
data/raw/NEU-CLS/NEU-CLS/In_19.bmp,In_19.bmp,inclusion,1,train,200,200,41078,d3c357f231f71f08fe2d029d51ee222f8da6ab7deab5f4a82869162113089169
data/raw/NEU-CLS/NEU-CLS/In_35.bmp,In_35.bmp,inclusion,1,train,200,200,41078,367fdeea3b8deda220e5eaa92fd4e9353449427f6104f29443609b4c4039866c
data/raw/NEU-CLS/NEU-CLS/In_139.bmp,In_139.bmp,inclusion,1,train,200,200,41078,f592336f012e53a77b577f42787b004e63ad90222d4814df5ba189cf98c7c2cf
data/raw/NEU-CLS/NEU-CLS/In_149.bmp,In_149.bmp,inclusion,1,train,200,200,41078,ed3f1ca2730c15b8e4612e526acb6f074defdf43497eba16c5b1c8b8cec866eb
data/raw/NEU-CLS/NEU-CLS/In_32.bmp,In_32.bmp,inclusion,1,train,200,200,41078,dab4e833a4295c49f99dba90862fa6d536049d09596b7c48043890f8544af15c
data/raw/NEU-CLS/NEU-CLS/In_282.bmp,In_282.bmp,inclusion,1,train,200,200,41078,f88982f1464861b248c11bb1e1e57f7bf38780f805b50618915a30746922c158
data/raw/NEU-CLS/NEU-CLS/In_87.bmp,In_87.bmp,inclusion,1,train,200,200,41078,e0fced1f00698f70673d170addaf039ab5790379ee07045d935cb81282f2f619
data/raw/NEU-CLS/NEU-CLS/In_21.bmp,In_21.bmp,inclusion,1,train,200,200,41078,511eeffe6c9cc63f0dd668a6d05f4c288a9b910e86a4c13d4637fdb8d66cdf96
data/raw/NEU-CLS/NEU-CLS/In_166.bmp,In_166.bmp,inclusion,1,train,200,200,41078,adc008a0e028fab20613b04aa704635f9f0ef879511efa21495e83f8ae860e27
data/raw/NEU-CLS/NEU-CLS/In_119.bmp,In_119.bmp,inclusion,1,train,200,200,41078,3b3882ef48a47c616ccb67a9c54cad16d5e4add3bc5299e823c8bd6b93cf542d
data/raw/NEU-CLS/NEU-CLS/In_275.bmp,In_275.bmp,inclusion,1,train,200,200,41078,54057671cf7c649c3771640725a0ffcc2f2825c2522fa0cb4f847b1136f96fb6
data/raw/NEU-CLS/NEU-CLS/In_210.bmp,In_210.bmp,inclusion,1,train,200,200,41078,63c1cce93ddaf1a7d3a238f891a31dbf8dfed1c84c5266c0da09f368d0bbf278
data/raw/NEU-CLS/NEU-CLS/In_44.bmp,In_44.bmp,inclusion,1,train,200,200,41078,170b4be654996083d8a6317def4368f1f01d54d00643e3ca5d2663168bc2d614
data/raw/NEU-CLS/NEU-CLS/In_111.bmp,In_111.bmp,inclusion,1,train,200,200,41078,575b9a685f09cfc6095de823661fa66380eaa6e13743883564f9e10065f5c556
data/raw/NEU-CLS/NEU-CLS/In_105.bmp,In_105.bmp,inclusion,1,train,200,200,41078,85c55bce54fcaef15cff4275806e8e66a774c3f32d71b605d87149dbb74033da
data/raw/NEU-CLS/NEU-CLS/In_22.bmp,In_22.bmp,inclusion,1,train,200,200,41078,92b9af1475a17aa44621afe565f17a7a39e6755360d667d17fab40f379cad746
data/raw/NEU-CLS/NEU-CLS/In_37.bmp,In_37.bmp,inclusion,1,train,200,200,41078,b3606d8b4666dca0cb8021a95737ac891cb9595d4619be0b70d79eec3395f3f5
data/raw/NEU-CLS/NEU-CLS/In_263.bmp,In_263.bmp,inclusion,1,train,200,200,41078,32242a2590926b3bc6fadb3daeb941c94030bc90ce9dd901c7bd8cdec65e7616
data/raw/NEU-CLS/NEU-CLS/In_70.bmp,In_70.bmp,inclusion,1,train,200,200,41078,5b990d92689b7d6275b764f813ef213575fa99582502a4bc3bffcfef5af86f95
data/raw/NEU-CLS/NEU-CLS/In_5.bmp,In_5.bmp,inclusion,1,train,200,200,41078,ce0b7912184dd0a64c987cca313fa8f40a2a43793e395527bb2d6f4c702ed7a7
data/raw/NEU-CLS/NEU-CLS/In_163.bmp,In_163.bmp,inclusion,1,train,200,200,41078,058dac92f6102db5e2831d814d339cb10ff774997a97c663e36f9c7bcb509ec5
data/raw/NEU-CLS/NEU-CLS/In_175.bmp,In_175.bmp,inclusion,1,train,200,200,41078,419c8786e4f792bc4b77e643285f61e302fcd46cddaf27d6361b00c41e0334bb
data/raw/NEU-CLS/NEU-CLS/In_191.bmp,In_191.bmp,inclusion,1,train,200,200,41078,4ac0bc07f6f74eb868daf45649717e50d2d855d91067675ab6bb5f0f9cf917d1
data/raw/NEU-CLS/NEU-CLS/In_143.bmp,In_143.bmp,inclusion,1,train,200,200,41078,4214e7694e338bee651d230fd32b87a7078a3e76689991f2daca03ef7f5e4448
data/raw/NEU-CLS/NEU-CLS/In_239.bmp,In_239.bmp,inclusion,1,train,200,200,41078,7f38f761fe574fd2fc17d043b13d5095667d0df3aebbe8d587bc20b987f89437
data/raw/NEU-CLS/NEU-CLS/In_150.bmp,In_150.bmp,inclusion,1,train,200,200,41078,c8620de8fca996b97b889a907d4f0d14112d066220de48af2d1258e0ff0ef037
data/raw/NEU-CLS/NEU-CLS/In_151.bmp,In_151.bmp,inclusion,1,train,200,200,41078,c052344ad45a0b41688a4adbee59a8c6a746a7330d2040872f94b647573cead6
data/raw/NEU-CLS/NEU-CLS/In_253.bmp,In_253.bmp,inclusion,1,train,200,200,41078,fffb7cd3bd1843f201e1c018156b18ad718d4e7775a0891ed9cdc67b17f86d1c
data/raw/NEU-CLS/NEU-CLS/In_51.bmp,In_51.bmp,inclusion,1,train,200,200,41078,24aa1243b882b6a72797340cdd6fd7dc127cbb3e38d3391b6ccf568f5c4c2953
data/raw/NEU-CLS/NEU-CLS/In_204.bmp,In_204.bmp,inclusion,1,train,200,200,41078,ec4216be65b502bef3ceca4cd35c2a5527289a083193690b933826060343fa0a
data/raw/NEU-CLS/NEU-CLS/In_59.bmp,In_59.bmp,inclusion,1,train,200,200,41078,4619a364885b98c15876b014bf405566d20c737f0533609d5226139416f4f2e1
data/raw/NEU-CLS/NEU-CLS/In_15.bmp,In_15.bmp,inclusion,1,train,200,200,41078,1708e5d549e61c1b109be888adbce4ba0e5ecbc67b254ac3f8451ebfc7277b5e
data/raw/NEU-CLS/NEU-CLS/In_92.bmp,In_92.bmp,inclusion,1,train,200,200,41078,f59d4c5daf4c67a2eb2676081e7bb0c00b2322d28a8616465e4b3367dcc40364
data/raw/NEU-CLS/NEU-CLS/In_260.bmp,In_260.bmp,inclusion,1,train,200,200,41078,284963843edbc037528843a74952b9c3eb62cc47937ba552ff5f224c7c38b426
data/raw/NEU-CLS/NEU-CLS/In_96.bmp,In_96.bmp,inclusion,1,train,200,200,41078,62bbec845c62527bd51106d15d1d07d3a07a4d619e04a346b6560206eee11edb
data/raw/NEU-CLS/NEU-CLS/In_298.bmp,In_298.bmp,inclusion,1,train,200,200,41078,555e8ba9594832a1f9d2d88665b0349498003570bd57b8b1ed3b4f1edcddef37
data/raw/NEU-CLS/NEU-CLS/In_45.bmp,In_45.bmp,inclusion,1,train,200,200,41078,24e0ab485d69d032a2aa779cc819b596b986d13da6d1e03c111a95916f5a75c6
data/raw/NEU-CLS/NEU-CLS/In_160.bmp,In_160.bmp,inclusion,1,train,200,200,41078,31b8c63f9c7bd3fd1d8f587ef34ee6426d632743513e9b5830ba12ca9382d9ad
data/raw/NEU-CLS/NEU-CLS/In_249.bmp,In_249.bmp,inclusion,1,train,200,200,41078,5e538ff59055c19f72107bae8cc6538f1e2fc378a2202776d5904605b3ac1a72
data/raw/NEU-CLS/NEU-CLS/In_6.bmp,In_6.bmp,inclusion,1,train,200,200,41078,9607d22078380f2ade8cf68ce1024925a9b2be7a70f51d148b0737e373a73c4b
data/raw/NEU-CLS/NEU-CLS/In_276.bmp,In_276.bmp,inclusion,1,train,200,200,41078,528fe2611c42ff2d6b6ab3a7739302e21eb57c557babdabac693d9e550bdbe54
data/raw/NEU-CLS/NEU-CLS/In_240.bmp,In_240.bmp,inclusion,1,train,200,200,41078,64bf3f8a83c1937f19de6f55764dafd195de3fb1c196b9901e8e73f2c2eee83c
data/raw/NEU-CLS/NEU-CLS/In_104.bmp,In_104.bmp,inclusion,1,train,200,200,41078,b5536024d6e5293ab406b233832b493ad2d8936dcabf9f3b85c257eda291e254
data/raw/NEU-CLS/NEU-CLS/In_194.bmp,In_194.bmp,inclusion,1,train,200,200,41078,a8009b28e1275294455c0c4188493d535848d1110e97791820efe89eb8c43cef
data/raw/NEU-CLS/NEU-CLS/In_14.bmp,In_14.bmp,inclusion,1,train,200,200,41078,a0c41999e92f95537aef0da98770acbe9eefdaa319cfeb145f0d393ea0a25d1b
data/raw/NEU-CLS/NEU-CLS/In_272.bmp,In_272.bmp,inclusion,1,train,200,200,41078,cdbe44c7e5e453d7484dfa5136fe91faa62d74c1ea49fe748dc2e64ec5afe646
data/raw/NEU-CLS/NEU-CLS/In_153.bmp,In_153.bmp,inclusion,1,train,200,200,41078,ea4c005138e627de31e12c4747bbec3096b4eff7a8a4589437524ce1c9da9166
data/raw/NEU-CLS/NEU-CLS/In_295.bmp,In_295.bmp,inclusion,1,train,200,200,41078,dd0ad56fae6471df2941c487398f92f0e341502801a5e9bcafdbf3be1ee54e13
data/raw/NEU-CLS/NEU-CLS/In_241.bmp,In_241.bmp,inclusion,1,train,200,200,41078,26b5120d7d29cda3291d15075798a6def7e1d864d38dedf74e4bbce4ab591e44
data/raw/NEU-CLS/NEU-CLS/In_72.bmp,In_72.bmp,inclusion,1,train,200,200,41078,d196c6a5c3e6e9d50f5364d63883c6029b047fb76e76e440b4a4bb9bafb875fc
data/raw/NEU-CLS/NEU-CLS/In_267.bmp,In_267.bmp,inclusion,1,train,200,200,41078,edead06960a616fb14dea8dcf8572426664bb10f644fbfed61f59e29d7afaab3
data/raw/NEU-CLS/NEU-CLS/In_180.bmp,In_180.bmp,inclusion,1,train,200,200,41078,fdefdfe4c20d4dce64d1de092359ce0fd3d23c5530506e8017ad2511d26a161c
data/raw/NEU-CLS/NEU-CLS/In_300.bmp,In_300.bmp,inclusion,1,train,200,200,41078,ccb9aefc27c727583901809382c003218284b8591b6ce1cd4c4f47f7b5775228
data/raw/NEU-CLS/NEU-CLS/In_156.bmp,In_156.bmp,inclusion,1,train,200,200,41078,e4c4f52b2818d228fb67cd600d0f492ca9aa80b02afd6feb39a16fcbcec742c4
data/raw/NEU-CLS/NEU-CLS/In_52.bmp,In_52.bmp,inclusion,1,train,200,200,41078,22f9317221d87d856d27d70f548c0b65c7dec71078b689e725782de01902cf52
data/raw/NEU-CLS/NEU-CLS/In_181.bmp,In_181.bmp,inclusion,1,train,200,200,41078,82b039b388d5d69632899c6dd0d72f81defe1a7de86a6d8838025b66c8c8645a
data/raw/NEU-CLS/NEU-CLS/In_254.bmp,In_254.bmp,inclusion,1,train,200,200,41078,77fec1737bba2bca8cd3910416cfd089aa408d58b209a902ae2fdaf24dcc0b9e
data/raw/NEU-CLS/NEU-CLS/In_183.bmp,In_183.bmp,inclusion,1,train,200,200,41078,d762a01096c877ce848c324d41f170f50a793f5f301cf7249939e7f26f029bd6
data/raw/NEU-CLS/NEU-CLS/In_17.bmp,In_17.bmp,inclusion,1,train,200,200,41078,9a7b10a0f7a5b5f87c7345675ac8adbccd08aa3afbd30e13889a39c877a1bd59
data/raw/NEU-CLS/NEU-CLS/In_108.bmp,In_108.bmp,inclusion,1,train,200,200,41078,3490cf843f6e195a41dd209e31caf0b09c451744ba7df6a2545289cf718787ab
data/raw/NEU-CLS/NEU-CLS/In_128.bmp,In_128.bmp,inclusion,1,train,200,200,41078,3aebd6c5a82d01604ce11328ea93e549a3bc0f9e47719916d217dbfb45d2a43b
data/raw/NEU-CLS/NEU-CLS/In_199.bmp,In_199.bmp,inclusion,1,train,200,200,41078,d72e39f4b6d60d1c6d81c5cc5baf2d4b7a458b08390f272675da048134b42d42
data/raw/NEU-CLS/NEU-CLS/In_61.bmp,In_61.bmp,inclusion,1,train,200,200,41078,8663da737b08e94b436982fb17afd02e53429f97b66be86da47392b207fa7ae4
data/raw/NEU-CLS/NEU-CLS/In_271.bmp,In_271.bmp,inclusion,1,train,200,200,41078,bf3ba35f744f204559c05993ab5ff5c163f4295f1f4d0d7ef7db6ea9cf347176
data/raw/NEU-CLS/NEU-CLS/In_233.bmp,In_233.bmp,inclusion,1,train,200,200,41078,20255908628e2d4fbefce919566cafe1e612493933f2f58f771b65990b3278ae
data/raw/NEU-CLS/NEU-CLS/In_47.bmp,In_47.bmp,inclusion,1,train,200,200,41078,e6cd9b3d6971b55147bb083e3e083289231f2eb0254a9835f5a6fc73690dd10f
data/raw/NEU-CLS/NEU-CLS/In_107.bmp,In_107.bmp,inclusion,1,train,200,200,41078,a126820514b3081dfd077d9629dd3815a70e919352a8e6136ad77b7d12f6b88e
data/raw/NEU-CLS/NEU-CLS/In_42.bmp,In_42.bmp,inclusion,1,train,200,200,41078,a0aa3af3f45a1dd88723d6489b4255bfce07b02b44c909281f24c0df6241a506
data/raw/NEU-CLS/NEU-CLS/In_133.bmp,In_133.bmp,inclusion,1,train,200,200,41078,6129245a16fc28a13bf2332f0cd141a3305f8b48b44e105dff48919ab8305990
data/raw/NEU-CLS/NEU-CLS/In_258.bmp,In_258.bmp,inclusion,1,train,200,200,41078,4989c43b8417fd7a8e2d30c415beb2cf29c9cb89c48828dbbec8201534112536
data/raw/NEU-CLS/NEU-CLS/In_116.bmp,In_116.bmp,inclusion,1,train,200,200,41078,9f2fed2b47d292e17c796f6aeb54c33d8a210d0a65ab615bb7e94a5b8a5fb024
data/raw/NEU-CLS/NEU-CLS/In_124.bmp,In_124.bmp,inclusion,1,train,200,200,41078,26ae07f0a72102b1aa8875f28077346693b6b8ed3ee3c33909915cfa0322bf15
data/raw/NEU-CLS/NEU-CLS/In_36.bmp,In_36.bmp,inclusion,1,train,200,200,41078,c9e5fe0fd96d5aa87c01dc4c93d5d76756bfe85aec8534fcd53f6d1793f614a0
data/raw/NEU-CLS/NEU-CLS/In_228.bmp,In_228.bmp,inclusion,1,train,200,200,41078,0e7ea4a8a7c0a7220ef88cda66eb5d18f5d8c190b9867c54db14feb42e4f2633
data/raw/NEU-CLS/NEU-CLS/In_198.bmp,In_198.bmp,inclusion,1,train,200,200,41078,fdde0f096eff32504027f1b529c52695979903eb993f32e44e97f5e82f13afb2
data/raw/NEU-CLS/NEU-CLS/In_41.bmp,In_41.bmp,inclusion,1,train,200,200,41078,70749d2459a72aae519366ca007ade91cefad5a0ac1a716290fe683dda3d32ad
data/raw/NEU-CLS/NEU-CLS/In_296.bmp,In_296.bmp,inclusion,1,train,200,200,41078,9366a0e6a8ea99c080510fc03faef5013f25e95310a49826f740b5ad336cccd5
data/raw/NEU-CLS/NEU-CLS/In_200.bmp,In_200.bmp,inclusion,1,train,200,200,41078,6bf4779e22252d3dbf1b2c2487bded4eaee2a9fefdb8933bea0f5bfcc2a7856b
data/raw/NEU-CLS/NEU-CLS/In_27.bmp,In_27.bmp,inclusion,1,train,200,200,41078,5c84f3039dd6ed0dab1eba76453650386c5652c476c982c2e16a12d1551d0b3b
data/raw/NEU-CLS/NEU-CLS/In_74.bmp,In_74.bmp,inclusion,1,train,200,200,41078,4de6f9b47b0c0b4f4cc9af2b98821432684e7dd7f2072a29a45bb2cbe27e314b
data/raw/NEU-CLS/NEU-CLS/In_286.bmp,In_286.bmp,inclusion,1,train,200,200,41078,006a1382347927bc075c6362190b524524c0b5f897dcecdc4c2f1ff088a9aceb
data/raw/NEU-CLS/NEU-CLS/In_246.bmp,In_246.bmp,inclusion,1,train,200,200,41078,41c2aa32a579eacf6dbd6bb264198d61914a7f5579a1d3684d7455d364ef410e
data/raw/NEU-CLS/NEU-CLS/In_98.bmp,In_98.bmp,inclusion,1,train,200,200,41078,b66caf80548dab1c23403297bb2b4d59c3965743c6c88c574ed3cba25a18761d
data/raw/NEU-CLS/NEU-CLS/In_176.bmp,In_176.bmp,inclusion,1,train,200,200,41078,cc7ae4197dcb717627052a8049517dd47a8d9126564446288e2c5f521b2a56c5
data/raw/NEU-CLS/NEU-CLS/In_1.bmp,In_1.bmp,inclusion,1,train,200,200,41078,f3be84852c32946f3017d627012568d438d9d17f622148e98af7bd04b0885dd8
data/raw/NEU-CLS/NEU-CLS/In_109.bmp,In_109.bmp,inclusion,1,train,200,200,41078,bc71d2fb6f6af6d564a278df4c6eeb777459696b7b4f56762614db94e4959ea4
data/raw/NEU-CLS/NEU-CLS/In_162.bmp,In_162.bmp,inclusion,1,train,200,200,41078,f92922af7eb9026ab923b268223204c8c44d317ce32235e193915bfb1d3b46f4
data/raw/NEU-CLS/NEU-CLS/In_197.bmp,In_197.bmp,inclusion,1,train,200,200,41078,42c55bd0031be61e2f0ceb155460811513942ac4cb00c6697feb14e94dbe3154
data/raw/NEU-CLS/NEU-CLS/In_287.bmp,In_287.bmp,inclusion,1,train,200,200,41078,de9f574d59e118e5effcfa5903336143d4296fc81493df77faac04690bc46aa1
data/raw/NEU-CLS/NEU-CLS/In_12.bmp,In_12.bmp,inclusion,1,train,200,200,41078,2dfed1fd4b055376e9e898875b51b92e9b459d02a8edfcad6b344c90cddb38b7
data/raw/NEU-CLS/NEU-CLS/In_110.bmp,In_110.bmp,inclusion,1,train,200,200,41078,5270ec5faf1717235f6f7286797c6f108ce18c21b2c5379745042a816c7869fb
data/raw/NEU-CLS/NEU-CLS/In_157.bmp,In_157.bmp,inclusion,1,train,200,200,41078,006cb1c17493d6521e25f742b46189ee285d9ad05e49d6cadb6bfc28ee827b5d
data/raw/NEU-CLS/NEU-CLS/In_211.bmp,In_211.bmp,inclusion,1,train,200,200,41078,4542a5da0e42895962388bbfaa8a9ed27727ef721c9d86d685b4d9d5d1f36a27
data/raw/NEU-CLS/NEU-CLS/In_55.bmp,In_55.bmp,inclusion,1,train,200,200,41078,82ed389236a1afba8a65ec9452d6744a56f048b070df525101a4a88100cbcf08
data/raw/NEU-CLS/NEU-CLS/In_3.bmp,In_3.bmp,inclusion,1,train,200,200,41078,464cad0b1f0471d06f79281910a284b209338ff5df8bc446f0e0fb58b1dd9565
data/raw/NEU-CLS/NEU-CLS/In_245.bmp,In_245.bmp,inclusion,1,train,200,200,41078,deab3653e1b080f4692ab3cee820eeb7080d05dbaaf38bf62ccfb0180d3b8b75
data/raw/NEU-CLS/NEU-CLS/In_257.bmp,In_257.bmp,inclusion,1,train,200,200,41078,db67971dd6b38ffc85812d14ba537b340f7e292b2ee5137038242e2ec1d019d8
data/raw/NEU-CLS/NEU-CLS/In_146.bmp,In_146.bmp,inclusion,1,val,200,200,41078,0f98770a7f95bf9b26c0daf03f4462f688dd474374f96bf9f09a2a3529e7ee79
data/raw/NEU-CLS/NEU-CLS/In_178.bmp,In_178.bmp,inclusion,1,val,200,200,41078,776fd982a97cae46c22777403ab4d2c45ff7024fb71061cfda5ac8c0e06732a6
data/raw/NEU-CLS/NEU-CLS/In_264.bmp,In_264.bmp,inclusion,1,val,200,200,41078,dc7c94255c10c092332d002de1c71222f2143f3a06c4f7fb753a5ef53ff50195
data/raw/NEU-CLS/NEU-CLS/In_147.bmp,In_147.bmp,inclusion,1,val,200,200,41078,88bfab5ab8c12488c7ddf989faa64412abb0c2e2405d43ffb5724c4578ef8292
data/raw/NEU-CLS/NEU-CLS/In_238.bmp,In_238.bmp,inclusion,1,val,200,200,41078,3c8030faacb4be0c70fe48c2b205600acb6a816ba77b3ebf65a063187fc3f458
data/raw/NEU-CLS/NEU-CLS/In_46.bmp,In_46.bmp,inclusion,1,val,200,200,41078,d76a0807749b4c60ba8d8b5c150c1ecd5075d3bb3ac2dfe2fc6bd4191825a888
data/raw/NEU-CLS/NEU-CLS/In_161.bmp,In_161.bmp,inclusion,1,val,200,200,41078,6c5d108ceea655baec88a699a2330e50fd37588c52cb5ea1d9222b733d27b55f
data/raw/NEU-CLS/NEU-CLS/In_134.bmp,In_134.bmp,inclusion,1,val,200,200,41078,f5bea9296d6534dd0cc098c63b9d5232cb1ba9c6e4b725c93cfa2b35c9e7f6b0
data/raw/NEU-CLS/NEU-CLS/In_33.bmp,In_33.bmp,inclusion,1,val,200,200,41078,6b778e1824ded32204731a84929832b080b524fe182e8ca168c660a54356d635
data/raw/NEU-CLS/NEU-CLS/In_270.bmp,In_270.bmp,inclusion,1,val,200,200,41078,f1b311ccbecd999babcfed7767cb51461c880b3b8b3020dfbb765998e50668b9
data/raw/NEU-CLS/NEU-CLS/In_123.bmp,In_123.bmp,inclusion,1,val,200,200,41078,e8ac2234d47b220b6fbd499c3c8fd19167cac4bc3ecb118f3440f9dfab6e30d6
data/raw/NEU-CLS/NEU-CLS/In_84.bmp,In_84.bmp,inclusion,1,val,200,200,41078,3af8b6fd3834bb6e1994fa202ec9526400c41f91c6282e28b0fb1aa1f4c081d8
data/raw/NEU-CLS/NEU-CLS/In_54.bmp,In_54.bmp,inclusion,1,val,200,200,41078,538a70f1c1bdcbfc91a7f2a73361362dc50b0666956770c7fdab88bc6102f296
data/raw/NEU-CLS/NEU-CLS/In_8.bmp,In_8.bmp,inclusion,1,val,200,200,41078,4d1aa211bf8b2abd12315411b5e0d850e04ee6908b207dd8f8a0f116f8fede74
data/raw/NEU-CLS/NEU-CLS/In_122.bmp,In_122.bmp,inclusion,1,val,200,200,41078,ebdd43238ca839566d50bb6da26ffd02432d09437d9b31b57963c2f6977109f4
data/raw/NEU-CLS/NEU-CLS/In_251.bmp,In_251.bmp,inclusion,1,val,200,200,41078,12beb81115ae69a3aa096ea7a28b3ab6affe0099946f2c5a22bfb3827efb19ee
data/raw/NEU-CLS/NEU-CLS/In_168.bmp,In_168.bmp,inclusion,1,val,200,200,41078,7ef58b299d1d6deddb68831ec94dcbf8296e4968d17cb039faa860b320c80468
data/raw/NEU-CLS/NEU-CLS/In_226.bmp,In_226.bmp,inclusion,1,val,200,200,41078,d8a8cefcb2aa06c89f7f35fa668815e0f01c7ddcafc67f3e31459149aa160897
data/raw/NEU-CLS/NEU-CLS/In_288.bmp,In_288.bmp,inclusion,1,val,200,200,41078,91966a11b5ad46f07562c6b0d92c24df893f9f718d06946cc31e35daaf9bc1fe
data/raw/NEU-CLS/NEU-CLS/In_252.bmp,In_252.bmp,inclusion,1,val,200,200,41078,173afd84203c14ed9de4de9069c1bc8c0a97a051d897c72a2ea07a2d5b2d4a9e
data/raw/NEU-CLS/NEU-CLS/In_100.bmp,In_100.bmp,inclusion,1,val,200,200,41078,0469fcb44e3afc51f43b2abc041408ed8f9e8665de8fdb267c26960826c9d78c
data/raw/NEU-CLS/NEU-CLS/In_67.bmp,In_67.bmp,inclusion,1,val,200,200,41078,b8462713f799b0554a06eb4eccb1d33f1fbb52ee84e5a0cd50b5f963aa49a05c
data/raw/NEU-CLS/NEU-CLS/In_25.bmp,In_25.bmp,inclusion,1,val,200,200,41078,62be4418811e0ac614e2e9a66bb760584390cd984818b849cf5c1621b6f4cebd
data/raw/NEU-CLS/NEU-CLS/In_78.bmp,In_78.bmp,inclusion,1,val,200,200,41078,23782ca355b86c37c13ac49ade145c5358fe266513a9d6ceb245a4515cc5fe27
data/raw/NEU-CLS/NEU-CLS/In_24.bmp,In_24.bmp,inclusion,1,val,200,200,41078,37aa90451f44980b9274653fdc083c4e46ddac397dc76f189fa09b5bd81accb9
data/raw/NEU-CLS/NEU-CLS/In_169.bmp,In_169.bmp,inclusion,1,val,200,200,41078,81021b77a6d8aa263e9b10f90623c78eddbe8b4736c6041bbd1ffeb92f92f285
data/raw/NEU-CLS/NEU-CLS/In_261.bmp,In_261.bmp,inclusion,1,val,200,200,41078,e1a78abf62a5ae6a83b8bb40a30ce130bd0ebcb289981f5ab841c1f1e302a385
data/raw/NEU-CLS/NEU-CLS/In_224.bmp,In_224.bmp,inclusion,1,val,200,200,41078,ee2fe865a636b9572dc434343bc6ad7448e976977f4247de90325d86d55d637f
data/raw/NEU-CLS/NEU-CLS/In_291.bmp,In_291.bmp,inclusion,1,val,200,200,41078,70e7746ffc1e87277350f37641771601d2e03fcac82942a22606d9cd9c9112cd
data/raw/NEU-CLS/NEU-CLS/In_20.bmp,In_20.bmp,inclusion,1,val,200,200,41078,fc4cd0127aaf9e95cb098ae68e84d3b6818bc8193f91f72db9b37d88a40f2c91
data/raw/NEU-CLS/NEU-CLS/In_135.bmp,In_135.bmp,inclusion,1,val,200,200,41078,85bec30ea5d935f0ca695f8a736ad1acd0416728af037f0c4b84c9ff3f5c98f8
data/raw/NEU-CLS/NEU-CLS/In_164.bmp,In_164.bmp,inclusion,1,val,200,200,41078,7f053d47a15b93aea058b8098fd65698be46795f504ba7bfe5f0fffb22f9523a
data/raw/NEU-CLS/NEU-CLS/In_184.bmp,In_184.bmp,inclusion,1,val,200,200,41078,6558ff2c19d724fad96ac893c1a0deaa5843cc79e4bee0130fbc26e58a55bbab
data/raw/NEU-CLS/NEU-CLS/In_155.bmp,In_155.bmp,inclusion,1,val,200,200,41078,19d6f19cdf73eee66769c415d7517a0a06808bd3cc642db5f9252e73a31d99af
data/raw/NEU-CLS/NEU-CLS/In_50.bmp,In_50.bmp,inclusion,1,val,200,200,41078,f388f95bec2ba03845a93497640cac473966a4a3ef2bc6d6f25ecd1a15f2bdb5
data/raw/NEU-CLS/NEU-CLS/In_114.bmp,In_114.bmp,inclusion,1,val,200,200,41078,cf7caef385ee707264e057573905f847d6c678c1a96acb1bc04d02fde38522e1
data/raw/NEU-CLS/NEU-CLS/In_31.bmp,In_31.bmp,inclusion,1,val,200,200,41078,5a100e63a70d08cb98545593bd1e61279af50ba9587aa3d8dac33e609f0f0126
data/raw/NEU-CLS/NEU-CLS/In_18.bmp,In_18.bmp,inclusion,1,val,200,200,41078,8bc68d33c57737b92316bd41bc30acf8871f6d94dbe7773703baf23c2a6524ad
data/raw/NEU-CLS/NEU-CLS/In_43.bmp,In_43.bmp,inclusion,1,val,200,200,41078,4eb63895242969cd2c7f1a4c4604e99cf9c05883ac2d88ed333f792d57b87ee0
data/raw/NEU-CLS/NEU-CLS/In_129.bmp,In_129.bmp,inclusion,1,val,200,200,41078,d504faa91ae81907f3191c20124ea9c6f7004d441b86ce04118c9e421f23a56f
data/raw/NEU-CLS/NEU-CLS/In_65.bmp,In_65.bmp,inclusion,1,val,200,200,41078,09a851dc2315d0c7e764fda5029cb82f7037aa053e8804fc8595e3a5bb233f0c
data/raw/NEU-CLS/NEU-CLS/In_215.bmp,In_215.bmp,inclusion,1,val,200,200,41078,c378009176d003ce7498e0faea6b33ce63e3880b4e636669b3b9f497e227da5b
data/raw/NEU-CLS/NEU-CLS/In_148.bmp,In_148.bmp,inclusion,1,val,200,200,41078,2955174094a40724d96451a0c2b032b9f7d6f025a83129655c6bd83db2339584
data/raw/NEU-CLS/NEU-CLS/In_222.bmp,In_222.bmp,inclusion,1,val,200,200,41078,26c904c6e88573015ce907b1a05fc146600c978d866e83962c5b4a94e567f15f
data/raw/NEU-CLS/NEU-CLS/In_115.bmp,In_115.bmp,inclusion,1,val,200,200,41078,cf0d3a1a988223fa70d0cfc2c886457549e045e84627dfa356cd358f4d4a69f6
data/raw/NEU-CLS/NEU-CLS/In_145.bmp,In_145.bmp,inclusion,1,test,200,200,41078,6b5127a477f867a515337d4526bc18429ebc8e6c65fb9dc5e72c342876d9cb5d
data/raw/NEU-CLS/NEU-CLS/In_83.bmp,In_83.bmp,inclusion,1,test,200,200,41078,a873f46f735d4079d68a17a18165fa81b08ee7b727b7d9897ff9d8f1dcaa340c
data/raw/NEU-CLS/NEU-CLS/In_102.bmp,In_102.bmp,inclusion,1,test,200,200,41078,710017b9be98a8ff25d0260429bac97dc9590ce229bdc6f4d042fed2644fdbcb
data/raw/NEU-CLS/NEU-CLS/In_132.bmp,In_132.bmp,inclusion,1,test,200,200,41078,9405bae32df83b33bb9696ea109b46cf1d518d94e7274319c7dc1cf76798b304
data/raw/NEU-CLS/NEU-CLS/In_71.bmp,In_71.bmp,inclusion,1,test,200,200,41078,42eac898ed07c87f5d0c4bde66d2c95005ea21e891d28ff44943ad18a63687f4
data/raw/NEU-CLS/NEU-CLS/In_4.bmp,In_4.bmp,inclusion,1,test,200,200,41078,e379cef00d4d17512b5f58f79dbcbfe2ac250ed617c2db7939ab83b20b033d2c
data/raw/NEU-CLS/NEU-CLS/In_237.bmp,In_237.bmp,inclusion,1,test,200,200,41078,f892d860c013badc2d361e256ed52bde1bcd66a07c5c37260dd6c2e0f7cc87aa
data/raw/NEU-CLS/NEU-CLS/In_16.bmp,In_16.bmp,inclusion,1,test,200,200,41078,0f39a1a324d49a1d8cafdc4b63f67d8ecef14a84ec72bf6060280e2a546b14c7
data/raw/NEU-CLS/NEU-CLS/In_281.bmp,In_281.bmp,inclusion,1,test,200,200,41078,e88e09f87b25b1a0e9103ab65307128fe865b94363005ebecef9235049a26d48
data/raw/NEU-CLS/NEU-CLS/In_220.bmp,In_220.bmp,inclusion,1,test,200,200,41078,d8b222396801057f89723947db78886bf185abc1ffd2a1493038dffd53ac4bd2
data/raw/NEU-CLS/NEU-CLS/In_209.bmp,In_209.bmp,inclusion,1,test,200,200,41078,b33bf976a8a1db552d78bf6271b30492664004818af60e4eb061a7645eda0ac3
data/raw/NEU-CLS/NEU-CLS/In_90.bmp,In_90.bmp,inclusion,1,test,200,200,41078,4f11709fac4d73af669a9771cc58c0861ce6a9cc3834cf225a6e51208386cc4f
data/raw/NEU-CLS/NEU-CLS/In_193.bmp,In_193.bmp,inclusion,1,test,200,200,41078,1171508746e1da2e87446455cdb9d1dd67ae5c8707cf2cb6c675f153c7a6dcd9
data/raw/NEU-CLS/NEU-CLS/In_219.bmp,In_219.bmp,inclusion,1,test,200,200,41078,ed65d1098ca40b8f7c23bcae2ba596694d23ed8bd78980e6ee1ecca3b4283d32
data/raw/NEU-CLS/NEU-CLS/In_244.bmp,In_244.bmp,inclusion,1,test,200,200,41078,d4fbd89089fe227fbe4177a114ddf2f83cc9b80a6099484d9086a4a7009af60f
data/raw/NEU-CLS/NEU-CLS/In_7.bmp,In_7.bmp,inclusion,1,test,200,200,41078,8b5ebbd78e2a01877ac62e240cd68162905080826b5678b8935cc37ccebf15c4
data/raw/NEU-CLS/NEU-CLS/In_292.bmp,In_292.bmp,inclusion,1,test,200,200,41078,9434e1b555116fd1901571ed138c383c432626e51c34a45235e99a921f712829
data/raw/NEU-CLS/NEU-CLS/In_82.bmp,In_82.bmp,inclusion,1,test,200,200,41078,027ffd2cef1b1f5540c93dc1c5331906f382f68d5e5e17b154a4e4a721100b0b
data/raw/NEU-CLS/NEU-CLS/In_117.bmp,In_117.bmp,inclusion,1,test,200,200,41078,cacc0490647e7ba47f022766847ac0bf2389257ff0ecfe71b9a6776799896bf1
data/raw/NEU-CLS/NEU-CLS/In_212.bmp,In_212.bmp,inclusion,1,test,200,200,41078,964ac58193e4c1ea8ff25e7cad495c96a3f24838e5b564a5083bd8c4c1ad921e
data/raw/NEU-CLS/NEU-CLS/In_154.bmp,In_154.bmp,inclusion,1,test,200,200,41078,9ca4f5a3592e87afb3a9edbfac8632da36e93740d163b0b3cf9aee8e0f57c638
data/raw/NEU-CLS/NEU-CLS/In_285.bmp,In_285.bmp,inclusion,1,test,200,200,41078,74098461d00b146e5f5148adfd5a55b72ed1f1eeef59be90f09c1eb16e077d7d
data/raw/NEU-CLS/NEU-CLS/In_207.bmp,In_207.bmp,inclusion,1,test,200,200,41078,a60dfd7d80ed5b473a70a11557e93c82902b769b2af741d5cc1d6205f2c79851
data/raw/NEU-CLS/NEU-CLS/In_13.bmp,In_13.bmp,inclusion,1,test,200,200,41078,2612b7696a9d31caea98d69841c79e43c32e0c05a42b094de280db46bb06ea99
data/raw/NEU-CLS/NEU-CLS/In_130.bmp,In_130.bmp,inclusion,1,test,200,200,41078,d6904dcbf073c62762a489b646278ee8ffb3cfdbd36752d3807dc68b218bd65f
data/raw/NEU-CLS/NEU-CLS/In_185.bmp,In_185.bmp,inclusion,1,test,200,200,41078,3c94f07ac450b3bb2a0fac8ca4865ac690d782185bb8613373875b6dc149e5f9
data/raw/NEU-CLS/NEU-CLS/In_136.bmp,In_136.bmp,inclusion,1,test,200,200,41078,8dcb715b3b6a2e0a6c1d5f39ac3540da24f35b3e40fb114ff096407c280e25d2
data/raw/NEU-CLS/NEU-CLS/In_63.bmp,In_63.bmp,inclusion,1,test,200,200,41078,0f83d419a0881a4d28f00f152527d69f0c555ddbac2fe6b077d01efb97edda36
data/raw/NEU-CLS/NEU-CLS/In_9.bmp,In_9.bmp,inclusion,1,test,200,200,41078,49c9248b261e93b31d49f7dcea2d4adbce0522e33bea76fdf40a11644178e181
data/raw/NEU-CLS/NEU-CLS/In_171.bmp,In_171.bmp,inclusion,1,test,200,200,41078,79e9e665d265ef6e270d8cfcd4ac9716c37cd6afdff3df7cef30eb35c0a69595
data/raw/NEU-CLS/NEU-CLS/In_73.bmp,In_73.bmp,inclusion,1,test,200,200,41078,84f099cde1594f5aceae13d41bfb81403f9030680a46b4225fc20e359083cc1b
data/raw/NEU-CLS/NEU-CLS/In_60.bmp,In_60.bmp,inclusion,1,test,200,200,41078,a5875805ec74508b375a2d1b31c37638d1e135cec1923e9f6d3cc5a4aa0e8261
data/raw/NEU-CLS/NEU-CLS/In_49.bmp,In_49.bmp,inclusion,1,test,200,200,41078,0893dd0a2a13dda38a32ce9d1cf12faeaccd90febfd0b469d7617958c5bd5e2e
data/raw/NEU-CLS/NEU-CLS/In_121.bmp,In_121.bmp,inclusion,1,test,200,200,41078,50ee02eab687e5e0dc06879e92be5d4625fb41ace00bc93add22d71f121925a2
data/raw/NEU-CLS/NEU-CLS/In_93.bmp,In_93.bmp,inclusion,1,test,200,200,41078,273b0f4ffcf87565ec2fbdfce6fdd4a542e716ad5cb55c16cae06258598683a4
data/raw/NEU-CLS/NEU-CLS/In_243.bmp,In_243.bmp,inclusion,1,test,200,200,41078,5687e8fa4b30117634a4091567b27228e2e62a4bcd360894835bc8d7bae04a1d
data/raw/NEU-CLS/NEU-CLS/In_127.bmp,In_127.bmp,inclusion,1,test,200,200,41078,0033f38095e31e7eacf9ce34b64eabe157c4cd27ab3e7e58344957f7e06bba26
data/raw/NEU-CLS/NEU-CLS/In_79.bmp,In_79.bmp,inclusion,1,test,200,200,41078,1e3054da8c3a12a4f6cd870f7bd251ef879deba1af0734f4167765efc461bc67
data/raw/NEU-CLS/NEU-CLS/In_125.bmp,In_125.bmp,inclusion,1,test,200,200,41078,f5960c73c2653632a198a2068a96ff80660b52ee7c046c285642b6b499e31289
data/raw/NEU-CLS/NEU-CLS/In_2.bmp,In_2.bmp,inclusion,1,test,200,200,41078,6e8a8804ccd41e96d7d12efa0c5e1fcd018a507538e89cf1cdf31619b110bad8
data/raw/NEU-CLS/NEU-CLS/In_235.bmp,In_235.bmp,inclusion,1,test,200,200,41078,c2249e9621aed7786e4af94491bcbca4ee854fd223b76d3de9b0dd0e54ca742e
data/raw/NEU-CLS/NEU-CLS/In_187.bmp,In_187.bmp,inclusion,1,test,200,200,41078,e2a17f10bf0df3b7b4fee0644e101bccdbf504dd4082dfa51a702651b64f6ebd
data/raw/NEU-CLS/NEU-CLS/In_170.bmp,In_170.bmp,inclusion,1,test,200,200,41078,eb03f405b36c7eb452d03e756d545b9983a01c3884098f201ae76b1559f8a6e5
data/raw/NEU-CLS/NEU-CLS/In_53.bmp,In_53.bmp,inclusion,1,test,200,200,41078,4577edbc7d0d3e226880cea4ea9fd50eab90c3cdd24b1356c7700b8f55dd0c2b
data/raw/NEU-CLS/NEU-CLS/In_85.bmp,In_85.bmp,inclusion,1,test,200,200,41078,8888b393cdbc27c8c7e87bfe2a3f1226453113d7ac18de70d597a7f9c9e3cffc
data/raw/NEU-CLS/NEU-CLS/Pa_266.bmp,Pa_266.bmp,patches,2,train,200,200,41078,6f4b49aec8f632f76e1969b839362c30ab9b1b858f286c48bdfe814b78b210d2
data/raw/NEU-CLS/NEU-CLS/Pa_189.bmp,Pa_189.bmp,patches,2,train,200,200,41078,1f4f659de83d206c415962f98c352b01b8066c4b5a2cd200afe817af9bc9077a
data/raw/NEU-CLS/NEU-CLS/Pa_201.bmp,Pa_201.bmp,patches,2,train,200,200,41078,cf96e58a8fced120878731b43d771c5fd092da98cfa0bd06db548bb33be28b7d
data/raw/NEU-CLS/NEU-CLS/Pa_287.bmp,Pa_287.bmp,patches,2,train,200,200,41078,dda90d1540095b84d894aeed0472dd8e5f771425278f2a74a99f45cfc58f29ab
data/raw/NEU-CLS/NEU-CLS/Pa_42.bmp,Pa_42.bmp,patches,2,train,200,200,41078,ffe19e4fda4099517c98517df80d8ec2c3415ea67132da0bba3939e759c6cbdf
data/raw/NEU-CLS/NEU-CLS/Pa_86.bmp,Pa_86.bmp,patches,2,train,200,200,41078,68013f8e159793b367629a9c2f1a8d51ee56f5aa421dd9f982676a5be755f2b8
data/raw/NEU-CLS/NEU-CLS/Pa_52.bmp,Pa_52.bmp,patches,2,train,200,200,41078,27a3d72bb377aa328ffb5590cde47c1b8a524a2600df04d31386758197eff5f1
data/raw/NEU-CLS/NEU-CLS/Pa_176.bmp,Pa_176.bmp,patches,2,train,200,200,41078,f1f64b530aeb5f726330c8bda627a22e3a72a01748443303a23d3f55a04fc7fe
data/raw/NEU-CLS/NEU-CLS/Pa_172.bmp,Pa_172.bmp,patches,2,train,200,200,41078,2486014f940b6fc8e59d1c6133fef950532ffbad92fdc3220475f6618d98ef85
data/raw/NEU-CLS/NEU-CLS/Pa_144.bmp,Pa_144.bmp,patches,2,train,200,200,41078,29a061b5c0461e5d96b0221040af1f297daa197b908bdd1439af42003b432fce
data/raw/NEU-CLS/NEU-CLS/Pa_280.bmp,Pa_280.bmp,patches,2,train,200,200,41078,1dde8c5d560b717b59eba0eeb49ad6d7b893dc90adc8307e8fa2e46d52e6297f
data/raw/NEU-CLS/NEU-CLS/Pa_136.bmp,Pa_136.bmp,patches,2,train,200,200,41078,19551757caa3607a07ac7751fb1eedd57b406d969f9d237215a6b9560b1203aa
data/raw/NEU-CLS/NEU-CLS/Pa_122.bmp,Pa_122.bmp,patches,2,train,200,200,41078,93370322dc9dfea4fea39d28ba53e70c422afa3d978afdc20d0efcee44f94d2e
data/raw/NEU-CLS/NEU-CLS/Pa_203.bmp,Pa_203.bmp,patches,2,train,200,200,41078,47ba8e1d41123af53925ed76fbe384f62d9324c26704a67b2d86796909a78484
data/raw/NEU-CLS/NEU-CLS/Pa_57.bmp,Pa_57.bmp,patches,2,train,200,200,41078,215af21d7468e57a6968278320f5a9ad9d1c09e43c3c33da5829fdde957ae29a
data/raw/NEU-CLS/NEU-CLS/Pa_113.bmp,Pa_113.bmp,patches,2,train,200,200,41078,e73ac4d462677d25f91a292cefb6093be71d57d166e020cb6faa3c419a140070
data/raw/NEU-CLS/NEU-CLS/Pa_237.bmp,Pa_237.bmp,patches,2,train,200,200,41078,1288fda117db6a4329d5635fa8cef28fafad3bfe84649d84f33f223558c5e895
data/raw/NEU-CLS/NEU-CLS/Pa_230.bmp,Pa_230.bmp,patches,2,train,200,200,41078,e3bf477926dc45a68afa59d51609bc1b931af93b905ed3df14b240b06e800ab6
data/raw/NEU-CLS/NEU-CLS/Pa_275.bmp,Pa_275.bmp,patches,2,train,200,200,41078,5d0aa7b001cc604a46e4bdc5d31260abd06c3e313fecdc0e926cf2a8e3bf8c11
data/raw/NEU-CLS/NEU-CLS/Pa_167.bmp,Pa_167.bmp,patches,2,train,200,200,41078,747511d112d78cec66dd4f398be1ff9f000dbf27b2df2d4e35e922ec0325617d
data/raw/NEU-CLS/NEU-CLS/Pa_90.bmp,Pa_90.bmp,patches,2,train,200,200,41078,1f47e4dddd7b568a5d5a5272aac84767cecbd63b487495c4530d50151d0d76ad
data/raw/NEU-CLS/NEU-CLS/Pa_107.bmp,Pa_107.bmp,patches,2,train,200,200,41078,23e78fe99905782200ef4b15bb259795ae7fd7c89ed2c19ef41dc0a881ff14a7
data/raw/NEU-CLS/NEU-CLS/Pa_48.bmp,Pa_48.bmp,patches,2,train,200,200,41078,8fbb636392e4334ddc6e5fcaf89515b165ca4b83742a698ba88bdfb5952f01bc
data/raw/NEU-CLS/NEU-CLS/Pa_148.bmp,Pa_148.bmp,patches,2,train,200,200,41078,2abf5016ad55961047fa1345a75de72f8f7e8473b06b5095c38f1673c84c6f1d
data/raw/NEU-CLS/NEU-CLS/Pa_76.bmp,Pa_76.bmp,patches,2,train,200,200,41078,62b9d4e45a3612bc11df092e35dc8e5c91472daf12c1f4b6f567ec3eda2c0d5b
data/raw/NEU-CLS/NEU-CLS/Pa_1.bmp,Pa_1.bmp,patches,2,train,200,200,41078,604fac7b0ecf1c381a217373bf5c007a3e5cf8382ae7548521a58488184f8529
data/raw/NEU-CLS/NEU-CLS/Pa_132.bmp,Pa_132.bmp,patches,2,train,200,200,41078,fb1f3d1f147de82f235dd6a39b6b81d9b98a1365274aee99e0a45a89ba77abdf
data/raw/NEU-CLS/NEU-CLS/Pa_3.bmp,Pa_3.bmp,patches,2,train,200,200,41078,f508f55e1ff513ed547b61b6ee2dcaed4388eee4df19f95b2704c3f47c70739c
data/raw/NEU-CLS/NEU-CLS/Pa_34.bmp,Pa_34.bmp,patches,2,train,200,200,41078,f5cf957ea6f1d1521d3ce90d9c11df436c68a8a36d61074ea0854707bf68b640
data/raw/NEU-CLS/NEU-CLS/Pa_92.bmp,Pa_92.bmp,patches,2,train,200,200,41078,0c0804f0fd3db31d3d4acb58b0f8e953f17e9b4ef2f1e969f4486ab1a91e86e4
data/raw/NEU-CLS/NEU-CLS/Pa_108.bmp,Pa_108.bmp,patches,2,train,200,200,41078,a37b259c05d537f3666b5c319baf14ec65b1e3b70d54046044b1ba5c436cc4ba
data/raw/NEU-CLS/NEU-CLS/Pa_134.bmp,Pa_134.bmp,patches,2,train,200,200,41078,1721e96742b4a45edef221560bf9f9bbdee61965fb6fe6a75f4fe79819e06d3b
data/raw/NEU-CLS/NEU-CLS/Pa_238.bmp,Pa_238.bmp,patches,2,train,200,200,41078,1ae98ed9b82e629cd3ad8791b7623719f120f3e8a56e91b075c35e71d9317487
data/raw/NEU-CLS/NEU-CLS/Pa_116.bmp,Pa_116.bmp,patches,2,train,200,200,41078,d9f4e5144749554aca09ee1025541ebc381294e088b3ef398828ff63da261b62
data/raw/NEU-CLS/NEU-CLS/Pa_98.bmp,Pa_98.bmp,patches,2,train,200,200,41078,3b7b0908fb19f4ae3d58655b85eb10281ac9973d5f35676b4108f43f2762575e
data/raw/NEU-CLS/NEU-CLS/Pa_234.bmp,Pa_234.bmp,patches,2,train,200,200,41078,01c0ff3437f6524dd2be3ad5ad0756355d901b08dd15db0ecea3b13474f0d37e
data/raw/NEU-CLS/NEU-CLS/Pa_29.bmp,Pa_29.bmp,patches,2,train,200,200,41078,cfc56bcb552cc68b4343be51552de6d5366a3ffeeba804c79a28e156c33858c4
data/raw/NEU-CLS/NEU-CLS/Pa_265.bmp,Pa_265.bmp,patches,2,train,200,200,41078,923d0128efab8992726313f89fa1a62c7e8dc6c57b73ac95288b894fb1254518
data/raw/NEU-CLS/NEU-CLS/Pa_5.bmp,Pa_5.bmp,patches,2,train,200,200,41078,0504f5a1e4dbdc4affada10844c9931b7a4c4c25b023188fdbc29fedae0d4960
data/raw/NEU-CLS/NEU-CLS/Pa_281.bmp,Pa_281.bmp,patches,2,train,200,200,41078,e6819130d3e573ce23e0a518b9a943312e5145e5f6fbdb43b9d7c5543023110c
data/raw/NEU-CLS/NEU-CLS/Pa_41.bmp,Pa_41.bmp,patches,2,train,200,200,41078,d334c87075b747cfe8b25b96b047865aafacb2346c47b7a200749ef358edc3b2
data/raw/NEU-CLS/NEU-CLS/Pa_4.bmp,Pa_4.bmp,patches,2,train,200,200,41078,4ad83f1d4bb3778e0a3316f6871c00d3e23c341883ed38eadd5795f4742e7398
data/raw/NEU-CLS/NEU-CLS/Pa_269.bmp,Pa_269.bmp,patches,2,train,200,200,41078,5def11642e79e460d33b6f108d99acebfe034c71b6e0e1fe8b6804e4ad87c2ee
data/raw/NEU-CLS/NEU-CLS/Pa_60.bmp,Pa_60.bmp,patches,2,train,200,200,41078,150ddeb0dda0075d09dad02df1880d80615a0191ff5a539d2a9c1fcab599b8c9
data/raw/NEU-CLS/NEU-CLS/Pa_259.bmp,Pa_259.bmp,patches,2,train,200,200,41078,e2c594de14c5435a94738a97e5b374b10c4eb5a09055fba0025a346e66bdcf78
data/raw/NEU-CLS/NEU-CLS/Pa_112.bmp,Pa_112.bmp,patches,2,train,200,200,41078,fd4b0817afc76edc1e41f5ecf3c97bbfb0feea6ea7d4b5b880568d19c8aa67a3
data/raw/NEU-CLS/NEU-CLS/Pa_114.bmp,Pa_114.bmp,patches,2,train,200,200,41078,ba1d25620ff7ff17ea61f9a751938343b650d43cc17f6d29aa0608a4621161b7
data/raw/NEU-CLS/NEU-CLS/Pa_289.bmp,Pa_289.bmp,patches,2,train,200,200,41078,8bf2be8e3176c2386bc39d8101089b41d6ab95c0e5e757d8c47defc5db3049a7
data/raw/NEU-CLS/NEU-CLS/Pa_65.bmp,Pa_65.bmp,patches,2,train,200,200,41078,4616b70d8a48f86b7c083ea3a456825e130a9f12926d80341cb5eac9d684d6e0
data/raw/NEU-CLS/NEU-CLS/Pa_242.bmp,Pa_242.bmp,patches,2,train,200,200,41078,67e0d715baf83be515131dbad106f4b64e6a31a9841c3c1a475b95878553199b
data/raw/NEU-CLS/NEU-CLS/Pa_14.bmp,Pa_14.bmp,patches,2,train,200,200,41078,6c4d318ea76c1aa060c8e64bf9054fce3e889fef8faf786504eb53701dc8857e
data/raw/NEU-CLS/NEU-CLS/Pa_39.bmp,Pa_39.bmp,patches,2,train,200,200,41078,ba70f5f240ad4ad03839c5704a9b5a374842361424fb14038fc3bfa09bca7c5c
data/raw/NEU-CLS/NEU-CLS/Pa_285.bmp,Pa_285.bmp,patches,2,train,200,200,41078,9d63547242485c3624ec1392cda4fea2bc8e4c50854cf2be0e7219275360cc0b
data/raw/NEU-CLS/NEU-CLS/Pa_152.bmp,Pa_152.bmp,patches,2,train,200,200,41078,12e1c0d1e50f885cc7f0d2e3ce535f37602c9db80f6d56d9c7740a6554888682
data/raw/NEU-CLS/NEU-CLS/Pa_142.bmp,Pa_142.bmp,patches,2,train,200,200,41078,9b555786cd7b0dba531895d962caa26a0c21d56f60b343b62374214386a14a74
data/raw/NEU-CLS/NEU-CLS/Pa_264.bmp,Pa_264.bmp,patches,2,train,200,200,41078,6594fdf45a201425608410052eaf142233cf2ec4d741533f224c02aeb83b2446
data/raw/NEU-CLS/NEU-CLS/Pa_97.bmp,Pa_97.bmp,patches,2,train,200,200,41078,7834d49ecfc0bf5917977dda454cc6c515ffba598968cb918a577c8e306dd5c7
data/raw/NEU-CLS/NEU-CLS/Pa_221.bmp,Pa_221.bmp,patches,2,train,200,200,41078,4ec958332c65decc763220106d622c0a6e1c5799c358b4250e3b7142d45c5e4e
data/raw/NEU-CLS/NEU-CLS/Pa_54.bmp,Pa_54.bmp,patches,2,train,200,200,41078,12cac9e77bbac0d13fd4b0650c6961bf08f96654a36fdd3c333fce1b2efea73b
data/raw/NEU-CLS/NEU-CLS/Pa_166.bmp,Pa_166.bmp,patches,2,train,200,200,41078,cc9896777e30d3cc147b63f1c15b1c7f589cf8f27ad7138af4560fdca0cf0628
data/raw/NEU-CLS/NEU-CLS/Pa_182.bmp,Pa_182.bmp,patches,2,train,200,200,41078,fb8b8ce1b89fc8b883e9bb109f2f7fb70af83012ebe229f42c7743f271119c03
data/raw/NEU-CLS/NEU-CLS/Pa_160.bmp,Pa_160.bmp,patches,2,train,200,200,41078,4c5cbc91080c769a12154527fe05a990f0bb456971360a754a85f647d38f91a0
data/raw/NEU-CLS/NEU-CLS/Pa_245.bmp,Pa_245.bmp,patches,2,train,200,200,41078,98f41ec9068fb56bf61d0c22ac18b3cabd0993da2e62c31d874b1e89f999d2d5
data/raw/NEU-CLS/NEU-CLS/Pa_214.bmp,Pa_214.bmp,patches,2,train,200,200,41078,e603fc058a6f77bb0ce84c506302cce661733f7c05c1eee3b3df134f53b5b2c9
data/raw/NEU-CLS/NEU-CLS/Pa_192.bmp,Pa_192.bmp,patches,2,train,200,200,41078,9536dae6797726f9101271522b0b5f44e4d63369a9e6b75c9ebf9205f459eddc
data/raw/NEU-CLS/NEU-CLS/Pa_257.bmp,Pa_257.bmp,patches,2,train,200,200,41078,df0baed76c61e09d94d74152b138dc1fcaf02c958ade9817e9bdecab653c99c0
data/raw/NEU-CLS/NEU-CLS/Pa_125.bmp,Pa_125.bmp,patches,2,train,200,200,41078,7f627715ceb1111c2df9f7ccf3d9bbac432cb84f2ffcffada7ab96fd52219338
data/raw/NEU-CLS/NEU-CLS/Pa_133.bmp,Pa_133.bmp,patches,2,train,200,200,41078,70538a8b54246c8682c7cef6517b7a40e1fba9f337ff8de96ed38f4c5ecf6476
data/raw/NEU-CLS/NEU-CLS/Pa_200.bmp,Pa_200.bmp,patches,2,train,200,200,41078,1b6016abd45993718fa7a6d9f2a1f10c96e3b9f9370aa8755bcbcd0225e61ce1
data/raw/NEU-CLS/NEU-CLS/Pa_100.bmp,Pa_100.bmp,patches,2,train,200,200,41078,70ace01515ffd8cc841f413c2d2ebda956b7ea55bed1b957b2ada164a0761306
data/raw/NEU-CLS/NEU-CLS/Pa_299.bmp,Pa_299.bmp,patches,2,train,200,200,41078,e05f401f12c8fc5f60765da45134869cf9e49aa7c90786c9fb2a4c84f759a8f9
data/raw/NEU-CLS/NEU-CLS/Pa_217.bmp,Pa_217.bmp,patches,2,train,200,200,41078,907bfe4d679877e6205c8484908c70c6684a4bae725cef562f49e2e31d79d629
data/raw/NEU-CLS/NEU-CLS/Pa_154.bmp,Pa_154.bmp,patches,2,train,200,200,41078,c8a01f73b5fb558c93152fd2473af4cb709b07c8dcf992608cd5b89e1b82503e
data/raw/NEU-CLS/NEU-CLS/Pa_260.bmp,Pa_260.bmp,patches,2,train,200,200,41078,905875a6aceddcbb8da7b23a3e87c505a64f518561ed127d8cf8ad443cb103cf
data/raw/NEU-CLS/NEU-CLS/Pa_174.bmp,Pa_174.bmp,patches,2,train,200,200,41078,b64648067eeb12e335afe7aded86c5bd4aba50af82646ea4d7c1f1803c4e71bf
data/raw/NEU-CLS/NEU-CLS/Pa_51.bmp,Pa_51.bmp,patches,2,train,200,200,41078,d2af2456859632e28081934609d8c69239a3ef9c702ae5a5eac40781b029f4f8
data/raw/NEU-CLS/NEU-CLS/Pa_147.bmp,Pa_147.bmp,patches,2,train,200,200,41078,05ea6a13e197f7244d61136c29472af25f4c6cb134be80480dd7ef4fa837b6da
data/raw/NEU-CLS/NEU-CLS/Pa_229.bmp,Pa_229.bmp,patches,2,train,200,200,41078,cc250d3f77530b98791d4a469060258cc44ab53d85879a15852cdaba7355b8bb
data/raw/NEU-CLS/NEU-CLS/Pa_228.bmp,Pa_228.bmp,patches,2,train,200,200,41078,2f11270cdde9e7650cd2cabb14880c81da5efcb240f10a80cc3c308ef0f0ec94
data/raw/NEU-CLS/NEU-CLS/Pa_121.bmp,Pa_121.bmp,patches,2,train,200,200,41078,49653252c2534aec2ccd88ec984fc9d09f39e525b5f1c30682fd0f89dbd68907
data/raw/NEU-CLS/NEU-CLS/Pa_210.bmp,Pa_210.bmp,patches,2,train,200,200,41078,a7d3446ce3a1827b281e87a30f34c9daded4447f3f37e668f720f646983cffc3
data/raw/NEU-CLS/NEU-CLS/Pa_84.bmp,Pa_84.bmp,patches,2,train,200,200,41078,a7938e3271fe89fc15b7075e5e59eb0e0773e15df54cf123ee495421f8a5da37
data/raw/NEU-CLS/NEU-CLS/Pa_271.bmp,Pa_271.bmp,patches,2,train,200,200,41078,7fa4db6bc589bcbcf065c9ae79648358ad327ed28e62f243725e87445a6401cb
data/raw/NEU-CLS/NEU-CLS/Pa_99.bmp,Pa_99.bmp,patches,2,train,200,200,41078,a7f2ebc3a4a44dd46c2b98c7ae0d0b419b01e346ddd0ff52c43cf4e9c1c0051f
data/raw/NEU-CLS/NEU-CLS/Pa_50.bmp,Pa_50.bmp,patches,2,train,200,200,41078,020a6cf7cffa5823594bf29dcd3d259e9837f86097fd1812fa8f3fbb64574df3
data/raw/NEU-CLS/NEU-CLS/Pa_194.bmp,Pa_194.bmp,patches,2,train,200,200,41078,9a21196ce2c40a159930ba451fb9a49e4c731ecba4f47aebc8885349025023ee
data/raw/NEU-CLS/NEU-CLS/Pa_186.bmp,Pa_186.bmp,patches,2,train,200,200,41078,e8bcb7cca0a2395472227929b7a3840d8e7e315a40fbba992187cf2de2e25ea1
data/raw/NEU-CLS/NEU-CLS/Pa_13.bmp,Pa_13.bmp,patches,2,train,200,200,41078,01c3b4a13fa01b5f11c636ffc4900ce68672fce2cd7a029e81e8e55f65515673
data/raw/NEU-CLS/NEU-CLS/Pa_140.bmp,Pa_140.bmp,patches,2,train,200,200,41078,147543702d2224275be8e50dd07084ad86836de7a68cc41e6e1f8344bf366941
data/raw/NEU-CLS/NEU-CLS/Pa_218.bmp,Pa_218.bmp,patches,2,train,200,200,41078,56bfa19c623219e4a0a348e347420ba0625b85aa778a9dae63ab8cdcbee817d2
data/raw/NEU-CLS/NEU-CLS/Pa_8.bmp,Pa_8.bmp,patches,2,train,200,200,41078,90e503fe8a21d1653c1242b2f2a35ee11c5875d945bf001c7bc98bd138b9b0d5
data/raw/NEU-CLS/NEU-CLS/Pa_120.bmp,Pa_120.bmp,patches,2,train,200,200,41078,0c7846cf7cad81ce80b029af0207e25e2a918c1a1c580e7f4549642f016e0de1
data/raw/NEU-CLS/NEU-CLS/Pa_198.bmp,Pa_198.bmp,patches,2,train,200,200,41078,04f729f45fe924a52102cc18701b4ea562b046348812653774c585f91fae9615
data/raw/NEU-CLS/NEU-CLS/Pa_258.bmp,Pa_258.bmp,patches,2,train,200,200,41078,28a630a23a915da0d60218b4d3d527badd2ffca6fd2c1256375ec8bc97e67d44
data/raw/NEU-CLS/NEU-CLS/Pa_220.bmp,Pa_220.bmp,patches,2,train,200,200,41078,e5e6223220ef1b9e878fd8ecb80d33ef59d2a35e231d9db2493c413ddcbe56d4
data/raw/NEU-CLS/NEU-CLS/Pa_139.bmp,Pa_139.bmp,patches,2,train,200,200,41078,310a2210c12321e80c50935c22bc006fd99def423ffee7a6a1dc5b8ae36dbb34
data/raw/NEU-CLS/NEU-CLS/Pa_143.bmp,Pa_143.bmp,patches,2,train,200,200,41078,a925e3c129bd51d9bb17b74a7762aa50943a99118e78a523cdb8c858fa3be7ed
data/raw/NEU-CLS/NEU-CLS/Pa_177.bmp,Pa_177.bmp,patches,2,train,200,200,41078,86071a75d75630b058754b8f6b209439e33623e8c35a24e78c4307a405aa0dbd
data/raw/NEU-CLS/NEU-CLS/Pa_268.bmp,Pa_268.bmp,patches,2,train,200,200,41078,d46d9fcf9bdbec1c313b94626f3bd7ee5fa8dc64e71073a4b858edea55831c20
data/raw/NEU-CLS/NEU-CLS/Pa_165.bmp,Pa_165.bmp,patches,2,train,200,200,41078,51b71dce76810ad9d482a87e753c1bf3b7f6101f7fba39f629bb0682cbdbac0f
data/raw/NEU-CLS/NEU-CLS/Pa_202.bmp,Pa_202.bmp,patches,2,train,200,200,41078,6e4dd807df39420cbe5d932eb86cbecf5b97752c494569d45fc3cd222add10c0
data/raw/NEU-CLS/NEU-CLS/Pa_235.bmp,Pa_235.bmp,patches,2,train,200,200,41078,9fc71ccd3433ce983d7c59dad43295a3d4e677270b8384498c20aa64d4fe0b26
data/raw/NEU-CLS/NEU-CLS/Pa_22.bmp,Pa_22.bmp,patches,2,train,200,200,41078,b30c02af2188871bd8ba9d110e2a5f189377a3f687c8f51b5edc7fb69967f528
data/raw/NEU-CLS/NEU-CLS/Pa_263.bmp,Pa_263.bmp,patches,2,train,200,200,41078,14e189c0eae4a26dec99ed31a388c2d0dd0cf0ed7fa13a15e1568572529af330
data/raw/NEU-CLS/NEU-CLS/Pa_131.bmp,Pa_131.bmp,patches,2,train,200,200,41078,67e2b9981c0adc37612bd46d16eb8bb2b102761c811a396cbb8a5e7066354c86
data/raw/NEU-CLS/NEU-CLS/Pa_11.bmp,Pa_11.bmp,patches,2,train,200,200,41078,3b48738c90f5c35349c04617feb45f68db3729eb99b0e18490e1c44abefbc318
data/raw/NEU-CLS/NEU-CLS/Pa_196.bmp,Pa_196.bmp,patches,2,train,200,200,41078,bdef32c438265c5f755836aef1d5fade82d652bd2dcab83b4125059628380b0d
data/raw/NEU-CLS/NEU-CLS/Pa_63.bmp,Pa_63.bmp,patches,2,train,200,200,41078,52c2b3f19d452f29c2186f4e267ed907009f3c00ea463d74fca7e75bf33b79fd
data/raw/NEU-CLS/NEU-CLS/Pa_241.bmp,Pa_241.bmp,patches,2,train,200,200,41078,74b68f2f50f42016de39a12ab3d69a82f2c10d25f9a21dc62c18b037c80cf47b
data/raw/NEU-CLS/NEU-CLS/Pa_251.bmp,Pa_251.bmp,patches,2,train,200,200,41078,28396929131cbd5d0a5ef44a8047e1c6ae178ecbe29132d998e7d2401ef7cfd2
data/raw/NEU-CLS/NEU-CLS/Pa_168.bmp,Pa_168.bmp,patches,2,train,200,200,41078,9a386870cf4d7854d12482fdcf2f161546123a60c1ed10ab08f68ef67fbd5ac9
data/raw/NEU-CLS/NEU-CLS/Pa_95.bmp,Pa_95.bmp,patches,2,train,200,200,41078,3ae7f621d7d096b523d04cd64f8de4d7a72488036d2383a6e3eb231a2d3ada82
data/raw/NEU-CLS/NEU-CLS/Pa_94.bmp,Pa_94.bmp,patches,2,train,200,200,41078,476903ab8805da01eee229c99fabee9cb4daa88819d8b3b07ddd4c161a8cfd8a
data/raw/NEU-CLS/NEU-CLS/Pa_87.bmp,Pa_87.bmp,patches,2,train,200,200,41078,ba827b1ce4f7661fe27c3b582bb02b006f9b0edb09a32254102df7c8233733f6
data/raw/NEU-CLS/NEU-CLS/Pa_153.bmp,Pa_153.bmp,patches,2,train,200,200,41078,b3e06ebeee6b4930db5b55196358165e4647eb0594e2d2960bfe50123c469c22
data/raw/NEU-CLS/NEU-CLS/Pa_253.bmp,Pa_253.bmp,patches,2,train,200,200,41078,cd2b25966b7b64f541402f63be9a3eca23069972ba4e69d95664f3059e046753
data/raw/NEU-CLS/NEU-CLS/Pa_31.bmp,Pa_31.bmp,patches,2,train,200,200,41078,738ef87041cc8cd1da117e15f3b5a98a0d4a1cdf14ec361879e7e359c3647a58
data/raw/NEU-CLS/NEU-CLS/Pa_161.bmp,Pa_161.bmp,patches,2,train,200,200,41078,237deb5276d62bc4c7b0739a79dd05f8588c5ef7bddbeb1afa7398ee4ff0d790
data/raw/NEU-CLS/NEU-CLS/Pa_215.bmp,Pa_215.bmp,patches,2,train,200,200,41078,cb07222c421df401a37d7c98fb040b7b1b909ca26faa754a21efb0ef22cd7c27
data/raw/NEU-CLS/NEU-CLS/Pa_59.bmp,Pa_59.bmp,patches,2,train,200,200,41078,777c3c988710ec7db2ecdad7a35e4327fe2d0844350d74bac045258feca78b21
data/raw/NEU-CLS/NEU-CLS/Pa_70.bmp,Pa_70.bmp,patches,2,train,200,200,41078,9532334e2705d3ce1e848c619861a426c1d562b362c927ad32bad1a72c75eb40
data/raw/NEU-CLS/NEU-CLS/Pa_282.bmp,Pa_282.bmp,patches,2,train,200,200,41078,3b01d5f895bf992964ab9f62cc4fe7941cd3d82d8037c7a76a0b16be2d5078a1
data/raw/NEU-CLS/NEU-CLS/Pa_274.bmp,Pa_274.bmp,patches,2,train,200,200,41078,578d315ae68a4798e02e7017809f8a4f94994fe0ff99a92760380da3220af09b
data/raw/NEU-CLS/NEU-CLS/Pa_279.bmp,Pa_279.bmp,patches,2,train,200,200,41078,922548d5a61a6d3b386c97a079b1a4e2a2ec4c21af63f959171577defb4f881c
data/raw/NEU-CLS/NEU-CLS/Pa_184.bmp,Pa_184.bmp,patches,2,train,200,200,41078,6c657206b02aa06bb4adc089ce892ff16045928c76d9228867351cca3b471881
data/raw/NEU-CLS/NEU-CLS/Pa_12.bmp,Pa_12.bmp,patches,2,train,200,200,41078,2bb6aceca07f569c8518e4e0ece2c42e16984cad82e94da15aceddebaddb04cd
data/raw/NEU-CLS/NEU-CLS/Pa_249.bmp,Pa_249.bmp,patches,2,train,200,200,41078,f37952e0ebeffc2074b8fe499a788f20dfcdbbc206801d966c9ef6d103042981
data/raw/NEU-CLS/NEU-CLS/Pa_30.bmp,Pa_30.bmp,patches,2,train,200,200,41078,d0ac084d8e32f0b7d3c299d3e143e5758f467440824b4f869afda470df39c01b
data/raw/NEU-CLS/NEU-CLS/Pa_205.bmp,Pa_205.bmp,patches,2,train,200,200,41078,e3f950a1e08034a13e649fe82e9c4767fd5e2a4c33c5bf6f5c7cec48f3ba7818
data/raw/NEU-CLS/NEU-CLS/Pa_183.bmp,Pa_183.bmp,patches,2,train,200,200,41078,b019ffd58f633eeae3cf86d3120a8cef51453dcbb026f48eca189ea2c9652736
data/raw/NEU-CLS/NEU-CLS/Pa_2.bmp,Pa_2.bmp,patches,2,train,200,200,41078,23ed0d2ae685e92daaf0e9b8d169e56e20862e25b0165cccff9d2cabc617c0d2
data/raw/NEU-CLS/NEU-CLS/Pa_255.bmp,Pa_255.bmp,patches,2,train,200,200,41078,aeb0c9341d62a26c401412440e0f8e1f2e451b3d831f2a9a6a381c2c85eaed4f
data/raw/NEU-CLS/NEU-CLS/Pa_212.bmp,Pa_212.bmp,patches,2,train,200,200,41078,ce4f7349f3945af1e7735e2c17dd5463e9fcfbf7c3e9f3592f0ddd18e390dee0
data/raw/NEU-CLS/NEU-CLS/Pa_270.bmp,Pa_270.bmp,patches,2,train,200,200,41078,3efa130d1d740ccb69357f9592efcb12195bb5170c1908b2aba55299dbca6574
data/raw/NEU-CLS/NEU-CLS/Pa_101.bmp,Pa_101.bmp,patches,2,train,200,200,41078,6833002b8b7428946677f2cb4a4cb523e288619d73e923aea1fcf14903d65af2
data/raw/NEU-CLS/NEU-CLS/Pa_179.bmp,Pa_179.bmp,patches,2,train,200,200,41078,dbae32bd237427777671c19f008cf305a891b488e92815fd8328b5083d437471
data/raw/NEU-CLS/NEU-CLS/Pa_216.bmp,Pa_216.bmp,patches,2,train,200,200,41078,a266f4973f6001da3e21fc30e0e5324cdf6c41cf4222f699ee3cefba56042347
data/raw/NEU-CLS/NEU-CLS/Pa_261.bmp,Pa_261.bmp,patches,2,train,200,200,41078,5c99a9def20d0e5e63cb8234c9043edd898af022eb10e04a65a08579967f7fa1
data/raw/NEU-CLS/NEU-CLS/Pa_96.bmp,Pa_96.bmp,patches,2,train,200,200,41078,81d94d0c652240013f4a753d10a7d837d0f2f755b2cd94a6c605a90a967294ac
data/raw/NEU-CLS/NEU-CLS/Pa_283.bmp,Pa_283.bmp,patches,2,train,200,200,41078,e248b4da2c59b777bfbfe8ce536b984fbaa5d66ed24eff237302ddc50ffac2ff
data/raw/NEU-CLS/NEU-CLS/Pa_64.bmp,Pa_64.bmp,patches,2,train,200,200,41078,079d0ab9414c51af63829a48a7ad29a4c496b8d00c2a330e7f30d872185d3bd9
data/raw/NEU-CLS/NEU-CLS/Pa_18.bmp,Pa_18.bmp,patches,2,train,200,200,41078,762b79cb0218bab06f372db8c718e251158e7ef25f220f2774d45319c4489fc0
data/raw/NEU-CLS/NEU-CLS/Pa_26.bmp,Pa_26.bmp,patches,2,train,200,200,41078,295aad6071b4e2a993346737496ba2ace499a76194f100331749163eb972d1be
data/raw/NEU-CLS/NEU-CLS/Pa_127.bmp,Pa_127.bmp,patches,2,train,200,200,41078,8eb21274f61757a130635f8b6757e6e343042369f66eeea21d453b2ccd341c67
data/raw/NEU-CLS/NEU-CLS/Pa_73.bmp,Pa_73.bmp,patches,2,train,200,200,41078,ced31e5dcefecfb8e3d5f807e185022004dee2ae16091a171b9cb3f7be7f7396
data/raw/NEU-CLS/NEU-CLS/Pa_123.bmp,Pa_123.bmp,patches,2,train,200,200,41078,212dfbcb2349e19d1f59ff1750b0efe64382953cae9fb5d6fcf9afaf50429f6c
data/raw/NEU-CLS/NEU-CLS/Pa_156.bmp,Pa_156.bmp,patches,2,train,200,200,41078,a4021dd81dabfa75e291b9c6c2faf0d948db07d7c9ca3f3555bab73ec32e1186
data/raw/NEU-CLS/NEU-CLS/Pa_117.bmp,Pa_117.bmp,patches,2,train,200,200,41078,9c599b28f04e0889f8bab954674eb0cdb1f8a776c5efc8bc6b0db4bb0ca12485
data/raw/NEU-CLS/NEU-CLS/Pa_145.bmp,Pa_145.bmp,patches,2,train,200,200,41078,f0d719560e558ebf810ed25f06fb31f3b72b5e9135a8006f59627d3e3a82b0d5
data/raw/NEU-CLS/NEU-CLS/Pa_191.bmp,Pa_191.bmp,patches,2,train,200,200,41078,6359c6b3af7c93d92418bc8181779e8adc905c0bd505d7299c7f527802e3d7dc
data/raw/NEU-CLS/NEU-CLS/Pa_187.bmp,Pa_187.bmp,patches,2,train,200,200,41078,de01d6a39f366d3f50593f5c3836bd316a3060ef84c6d56cdcbd2816338dde59
data/raw/NEU-CLS/NEU-CLS/Pa_56.bmp,Pa_56.bmp,patches,2,train,200,200,41078,8b4698e9c031fd0b13e08f4c57f08d3252b42d4d23e06865a255195c0707b5c4
data/raw/NEU-CLS/NEU-CLS/Pa_240.bmp,Pa_240.bmp,patches,2,train,200,200,41078,dcc483802d155d5e9e40326c095f7128d34d803d557eedb67d3fe7a396fa1cbb
data/raw/NEU-CLS/NEU-CLS/Pa_286.bmp,Pa_286.bmp,patches,2,train,200,200,41078,9f2b9934099d005396a3491a804e1f04f077fd405f8a43e814987045c3d4c1b4
data/raw/NEU-CLS/NEU-CLS/Pa_233.bmp,Pa_233.bmp,patches,2,train,200,200,41078,fe8bccc5fc229d7bdfd8cc0e062bc8bf8f69b7480e3acef0b6a88ae033316348
data/raw/NEU-CLS/NEU-CLS/Pa_124.bmp,Pa_124.bmp,patches,2,train,200,200,41078,7a7296c4f76e8419c22c5024d577a829ff4aaaecfae38750eb409ad18abd81df
data/raw/NEU-CLS/NEU-CLS/Pa_171.bmp,Pa_171.bmp,patches,2,train,200,200,41078,d68ee425dff4a58480ebc2b2c5f76c4a23dff65e5b0faf06c85a5fd6f8d1b078
data/raw/NEU-CLS/NEU-CLS/Pa_75.bmp,Pa_75.bmp,patches,2,train,200,200,41078,68bdbea4be0302eb0161ba7ebbad26679f5abf96857dee8f96a536870fd4ee01
data/raw/NEU-CLS/NEU-CLS/Pa_250.bmp,Pa_250.bmp,patches,2,train,200,200,41078,4a40c4b439234a2ad44361d1bed14299a092997d1d756b2437c8ece797850afe
data/raw/NEU-CLS/NEU-CLS/Pa_244.bmp,Pa_244.bmp,patches,2,train,200,200,41078,768cdad1a359c88d13aead1800efc3853b26e3c1fb193ebc7d838a9f952c1341
data/raw/NEU-CLS/NEU-CLS/Pa_24.bmp,Pa_24.bmp,patches,2,train,200,200,41078,066128e9feee01f44ec10c0700a43949787331e62faf3a87bf52fc9d6a5ec59e
data/raw/NEU-CLS/NEU-CLS/Pa_296.bmp,Pa_296.bmp,patches,2,train,200,200,41078,81faabea6d473c1f9354526bfa5e241ef031fa06b289b10da65b5a22358c656a
data/raw/NEU-CLS/NEU-CLS/Pa_185.bmp,Pa_185.bmp,patches,2,train,200,200,41078,ec1da0afa6ef4ab37cb2c2f6b6f0fc6b21c2038d2e7bcfb2ea184170047b7c70
data/raw/NEU-CLS/NEU-CLS/Pa_159.bmp,Pa_159.bmp,patches,2,train,200,200,41078,d940c012762359ddaf823c34714121a7165ec80b43c25eeb9096b1950d79b0df
data/raw/NEU-CLS/NEU-CLS/Pa_295.bmp,Pa_295.bmp,patches,2,train,200,200,41078,c4dc177670e41462533c33601907a4873d988bbafd7e6c52687aa621d058ac4e
data/raw/NEU-CLS/NEU-CLS/Pa_15.bmp,Pa_15.bmp,patches,2,train,200,200,41078,2e1df265b462790b2cb4afec8f7451f352fbb4c85ce85b0ffefe647f1085e54d
data/raw/NEU-CLS/NEU-CLS/Pa_67.bmp,Pa_67.bmp,patches,2,train,200,200,41078,f80199e141ee8d1c4a35b7dfb5c9cbf6833837ac82e42ee944d5a9b5e5070ebb
data/raw/NEU-CLS/NEU-CLS/Pa_126.bmp,Pa_126.bmp,patches,2,train,200,200,41078,858b9c4d11b5619a746abb6ce8f92eabcb64a6bf2d38d178e22ce1c634303bfe
data/raw/NEU-CLS/NEU-CLS/Pa_209.bmp,Pa_209.bmp,patches,2,train,200,200,41078,c8ff0ef67596f703b7a77c40f21234e82ffc9d6833fcb13381ea17ab773d8e23
data/raw/NEU-CLS/NEU-CLS/Pa_293.bmp,Pa_293.bmp,patches,2,train,200,200,41078,f4d649c516a5f2736267252bcde622b10a59ba518fa173a192ce602433509dee
data/raw/NEU-CLS/NEU-CLS/Pa_155.bmp,Pa_155.bmp,patches,2,train,200,200,41078,ecf8f8d78acb9542284220767ec764ac11f5e4a7bfedc063ea8dbe32cca3cfd6
data/raw/NEU-CLS/NEU-CLS/Pa_80.bmp,Pa_80.bmp,patches,2,train,200,200,41078,5bd8a27025fe0af9eb1642c7ac1fcd7faeab8f9a1a508c031203cbecb8958cc9
data/raw/NEU-CLS/NEU-CLS/Pa_46.bmp,Pa_46.bmp,patches,2,train,200,200,41078,cea5d752166a3e265249951616aa0d32692834d5c7d2d83dd9561eba4bfb0067
data/raw/NEU-CLS/NEU-CLS/Pa_103.bmp,Pa_103.bmp,patches,2,train,200,200,41078,8444ec7b2aeb8ccebf63484bdef9c3dba3f0dde46b0e98cecfdb84f03dafbddb
data/raw/NEU-CLS/NEU-CLS/Pa_146.bmp,Pa_146.bmp,patches,2,train,200,200,41078,100998f1cfc5c3c6a86cbdb5758464c87b8c74d9d91a1879c9a01e3b77b91fce
data/raw/NEU-CLS/NEU-CLS/Pa_157.bmp,Pa_157.bmp,patches,2,train,200,200,41078,5e892b3a6035d4c5b510812c16c04f09dd643b5a73cbed6241fc6d98050c52c6
data/raw/NEU-CLS/NEU-CLS/Pa_58.bmp,Pa_58.bmp,patches,2,train,200,200,41078,fad739f732b62f346830aa1c0ba1788b097304be8177a9043b41a4494763b0d9
data/raw/NEU-CLS/NEU-CLS/Pa_6.bmp,Pa_6.bmp,patches,2,train,200,200,41078,6ae6e6376e120e65f35c466c3640527eba35594ff62e45c3f82fc7fddc4b2d9d
data/raw/NEU-CLS/NEU-CLS/Pa_262.bmp,Pa_262.bmp,patches,2,train,200,200,41078,bb3262b6250435874c078fb68deec554f2066e837c5a603c63f65e7eeba03225
data/raw/NEU-CLS/NEU-CLS/Pa_115.bmp,Pa_115.bmp,patches,2,train,200,200,41078,99b88809092e4becbd0f0ec9cbc0254084540928ed5e7b252588bf98e12fc2b3
data/raw/NEU-CLS/NEU-CLS/Pa_25.bmp,Pa_25.bmp,patches,2,train,200,200,41078,7e664c3547789b8f9cf700f6472c32445dd39f06edbbdd4408dd5ba20da34873
data/raw/NEU-CLS/NEU-CLS/Pa_151.bmp,Pa_151.bmp,patches,2,train,200,200,41078,fd90d44b614d2d68b9df4de8c68fd85bfb70f3489f140dba243e5a3201770e17
data/raw/NEU-CLS/NEU-CLS/Pa_180.bmp,Pa_180.bmp,patches,2,train,200,200,41078,4d71f335e95c2f2f40e4877a675879f73e3d2e883b3b06f45ab154ed5dfe6b27
data/raw/NEU-CLS/NEU-CLS/Pa_111.bmp,Pa_111.bmp,patches,2,train,200,200,41078,3a092fa1b021cb0751dacae944f1ee2842887d54a2dfc46a122eca2af322218f
data/raw/NEU-CLS/NEU-CLS/Pa_224.bmp,Pa_224.bmp,patches,2,train,200,200,41078,0815c0d3ffffca7068bdbddc75a9c60277185caee3313d5c68b5f18a8dd703cc
data/raw/NEU-CLS/NEU-CLS/Pa_102.bmp,Pa_102.bmp,patches,2,train,200,200,41078,489781a8264ea5a483d856c4ac108ba0e7a301c283f555c2405f45c55834c30e
data/raw/NEU-CLS/NEU-CLS/Pa_79.bmp,Pa_79.bmp,patches,2,train,200,200,41078,7ba6770da02dafb754fdbae8a85aed69078d7eb0a6d86aa788b835c586820e1c
data/raw/NEU-CLS/NEU-CLS/Pa_118.bmp,Pa_118.bmp,patches,2,train,200,200,41078,8580b1e4100b25e92666bcc4d72116c8b14f997cf919cd4a0b6477d74390dddc
data/raw/NEU-CLS/NEU-CLS/Pa_158.bmp,Pa_158.bmp,patches,2,train,200,200,41078,1903188f63ed9cea67b1685a7ab866ed47b7779bb3a8aea126cbd40b7b003ded
data/raw/NEU-CLS/NEU-CLS/Pa_45.bmp,Pa_45.bmp,patches,2,train,200,200,41078,0e4a52bda6dafa76969a56637550023747f55bc0e676a9c5f7b9c70c4d77b7cc
data/raw/NEU-CLS/NEU-CLS/Pa_164.bmp,Pa_164.bmp,patches,2,train,200,200,41078,ef6bec16ca4ed108dc587cb3e8958d4f6fe2cb079eddf8347f6d34538c971cbb
data/raw/NEU-CLS/NEU-CLS/Pa_278.bmp,Pa_278.bmp,patches,2,train,200,200,41078,0fa0464e1ff33dacfe4088af0769964683615010d547bdc55771d455d133f7a4
data/raw/NEU-CLS/NEU-CLS/Pa_300.bmp,Pa_300.bmp,patches,2,train,200,200,41078,2c8c4b87a941e39899cb0648b0cd5dcc68f43c3e3d27de80094cc4c7835d46e0
data/raw/NEU-CLS/NEU-CLS/Pa_71.bmp,Pa_71.bmp,patches,2,train,200,200,41078,a895f00c30acf610c664d057fc77861a907ba841f77364297818f36d80320a09
data/raw/NEU-CLS/NEU-CLS/Pa_204.bmp,Pa_204.bmp,patches,2,train,200,200,41078,8c95d75ff8d6ff27349d4a6acb99ea87237b2f0eb6dff471f988553f31d348e6
data/raw/NEU-CLS/NEU-CLS/Pa_149.bmp,Pa_149.bmp,patches,2,train,200,200,41078,32b1c8a1f7e1f8f09865d502ad066c098ef08fadddf6ed3cd4ea5d64973a76e0
data/raw/NEU-CLS/NEU-CLS/Pa_175.bmp,Pa_175.bmp,patches,2,train,200,200,41078,e8b920fd21c8346afc6d0b351b48105e8207665fd151a7b4d2935b75f3c0ab8c
data/raw/NEU-CLS/NEU-CLS/Pa_55.bmp,Pa_55.bmp,patches,2,train,200,200,41078,dc92077a0591bc64542b0ada6500fabfa906c3b9f6dffa524f501010e5c5e551
data/raw/NEU-CLS/NEU-CLS/Pa_16.bmp,Pa_16.bmp,patches,2,train,200,200,41078,1dbdf5f0b4e4cc28b15d1d4031adde5cfb14accc5044b6280061dc24b2e1b650
data/raw/NEU-CLS/NEU-CLS/Pa_110.bmp,Pa_110.bmp,patches,2,train,200,200,41078,697b23c7669e05417b17a7e9aac1cf226ce185bd49900a29a86c3419ada52c5d
data/raw/NEU-CLS/NEU-CLS/Pa_141.bmp,Pa_141.bmp,patches,2,train,200,200,41078,f57005ff080f7e44456443df2046796b63598a24c2eea107da2f176c1a471a5b
data/raw/NEU-CLS/NEU-CLS/Pa_72.bmp,Pa_72.bmp,patches,2,train,200,200,41078,32875f2bcddd15cb94d8f3041319f834523d1a42c0dda4ce1a16cc87d3d26a10
data/raw/NEU-CLS/NEU-CLS/Pa_130.bmp,Pa_130.bmp,patches,2,train,200,200,41078,c4366488c74f5ec93cc29a8f979f12a33ac50b56d3c2d14b63e03529fdc57d1c
data/raw/NEU-CLS/NEU-CLS/Pa_85.bmp,Pa_85.bmp,patches,2,train,200,200,41078,1be42bd1637aa9c123cc0e6d5f859de43ce5f5bd142b24fbc102bcd92f8b4539
data/raw/NEU-CLS/NEU-CLS/Pa_248.bmp,Pa_248.bmp,patches,2,train,200,200,41078,5ce9fec78256d31f4fce5102875e68c034e2815e253406da236d95c44c215f22
data/raw/NEU-CLS/NEU-CLS/Pa_119.bmp,Pa_119.bmp,patches,2,train,200,200,41078,f7104b6e25093aeae113f3f048f533362e2441aa5bcc454f6ade654e2d416dee
data/raw/NEU-CLS/NEU-CLS/Pa_290.bmp,Pa_290.bmp,patches,2,train,200,200,41078,3502d4732ea7aee31dae6bf3c9249aaaa863dbea78264823dab7db756fae7a88
data/raw/NEU-CLS/NEU-CLS/Pa_66.bmp,Pa_66.bmp,patches,2,train,200,200,41078,512d0f43a0c9d260c0d60f365ae4f91ec9ad7ec4473d1c24ed40bc3c978678a2
data/raw/NEU-CLS/NEU-CLS/Pa_23.bmp,Pa_23.bmp,patches,2,train,200,200,41078,1254d7e7986a224c76c46258c2fc27758e1a972ab2f45342258bfa1b77c6693b
data/raw/NEU-CLS/NEU-CLS/Pa_236.bmp,Pa_236.bmp,patches,2,val,200,200,41078,cffa34ad964a19813c4e13dc9a3909632993c984542606376ea1176ffb3328ff
data/raw/NEU-CLS/NEU-CLS/Pa_190.bmp,Pa_190.bmp,patches,2,val,200,200,41078,585600133284cbf43e07cf6c16e5ef24884d96a7449de16bf8b73171bce9a27a
data/raw/NEU-CLS/NEU-CLS/Pa_104.bmp,Pa_104.bmp,patches,2,val,200,200,41078,0b76445753c818e3005d73f3016974001995234c80c1953d27d6b7437ec3dbb3
data/raw/NEU-CLS/NEU-CLS/Pa_222.bmp,Pa_222.bmp,patches,2,val,200,200,41078,38ce72204c18ec4f465b31937eff0d652fbab16e337ad872057e9cf64aab8736
data/raw/NEU-CLS/NEU-CLS/Pa_243.bmp,Pa_243.bmp,patches,2,val,200,200,41078,0d2208904060a7f7c625f61d58381c963791c561a4662ec04853c40a999bf127
data/raw/NEU-CLS/NEU-CLS/Pa_69.bmp,Pa_69.bmp,patches,2,val,200,200,41078,167bde57ce6a98dfd406a8bcadd83616046664e2bd56534bb5f1ef9ce49930eb
data/raw/NEU-CLS/NEU-CLS/Pa_207.bmp,Pa_207.bmp,patches,2,val,200,200,41078,92e3bdbabbf21cc5376c29477fdb375ac2c69460abc7a264b51bd5c291acb531
data/raw/NEU-CLS/NEU-CLS/Pa_61.bmp,Pa_61.bmp,patches,2,val,200,200,41078,b7fe49e6ea94a84c3018e0549311ae3e837966514261a80031946324e44ff59d
data/raw/NEU-CLS/NEU-CLS/Pa_138.bmp,Pa_138.bmp,patches,2,val,200,200,41078,74b5194f63ce1eb22e9882f26f2ddc4b2cae76bc04a592c4f0a5a3a5d8f8c815
data/raw/NEU-CLS/NEU-CLS/Pa_267.bmp,Pa_267.bmp,patches,2,val,200,200,41078,6d8a16f21f839a08370b20cc32a162379e791c970b354b0d6938fd80b0e24cb0
data/raw/NEU-CLS/NEU-CLS/Pa_193.bmp,Pa_193.bmp,patches,2,val,200,200,41078,465bce38d30db4ea08f9ebea9a861e896f2caff2f5d9d215cf73e409754e4900
data/raw/NEU-CLS/NEU-CLS/Pa_40.bmp,Pa_40.bmp,patches,2,val,200,200,41078,4dacbf53dd60702a88232835aee5683b5742902ebdca0baca286f8c86b7ec5c0
data/raw/NEU-CLS/NEU-CLS/Pa_256.bmp,Pa_256.bmp,patches,2,val,200,200,41078,37a1b3a98704bb6bc43c7e6614dd27c19e13675dda365c88b2a2c5a6c52bd4f8
data/raw/NEU-CLS/NEU-CLS/Pa_77.bmp,Pa_77.bmp,patches,2,val,200,200,41078,31763c4fbad3faa6e9d249eba30bff02bcbfc81e212738181e36fe79547099b9
data/raw/NEU-CLS/NEU-CLS/Pa_178.bmp,Pa_178.bmp,patches,2,val,200,200,41078,bb93bef6b9a3cdbffeaffce3b29348d738e1ee263dc85391880f530b65a20f97
data/raw/NEU-CLS/NEU-CLS/Pa_9.bmp,Pa_9.bmp,patches,2,val,200,200,41078,9c89a065917dc0ba976cf9a30a580d47721567a69b699981e17a6870aa4bfcd8
data/raw/NEU-CLS/NEU-CLS/Pa_106.bmp,Pa_106.bmp,patches,2,val,200,200,41078,3d77e7cc19e91e441d170dccba8b903b54ab4a49b7b4f3684cb669f7cfced0cd
data/raw/NEU-CLS/NEU-CLS/Pa_89.bmp,Pa_89.bmp,patches,2,val,200,200,41078,7d31e0bbff95787a9804fc98eff18cc8e9d50ba0f3a55e8241e7a021b6bf234d
data/raw/NEU-CLS/NEU-CLS/Pa_20.bmp,Pa_20.bmp,patches,2,val,200,200,41078,eb8a36847ebcfd0767c5f97ed94805589aaf5dacc9b3940aea637bc318bfcc23
data/raw/NEU-CLS/NEU-CLS/Pa_162.bmp,Pa_162.bmp,patches,2,val,200,200,41078,8efdd417631069e18d0cba985f0096af5ecb6d6bf1a1122cead8c49b7e044941
data/raw/NEU-CLS/NEU-CLS/Pa_38.bmp,Pa_38.bmp,patches,2,val,200,200,41078,662a5d50afda280efbf2349c1fbe6cde33191182281f03e410e623a643d32235
data/raw/NEU-CLS/NEU-CLS/Pa_211.bmp,Pa_211.bmp,patches,2,val,200,200,41078,1889bdddfe3925e82ee474d0a1ba44a92f6001dede71925b1a4b6b1c8496459d
data/raw/NEU-CLS/NEU-CLS/Pa_150.bmp,Pa_150.bmp,patches,2,val,200,200,41078,54f82c81a5b5c6a697c1f258d4ac7c1598a4e6578dfcbca94c49005670760065
data/raw/NEU-CLS/NEU-CLS/Pa_36.bmp,Pa_36.bmp,patches,2,val,200,200,41078,ad5617d2abbafdc4643131340b29358ade0f0bf13eedb24c4d37e7675b4d5200
data/raw/NEU-CLS/NEU-CLS/Pa_239.bmp,Pa_239.bmp,patches,2,val,200,200,41078,52bdac5067d4ec9bcdad33ccdda9b79810eb060f3555cca4017e12ec57e0bbed
data/raw/NEU-CLS/NEU-CLS/Pa_284.bmp,Pa_284.bmp,patches,2,val,200,200,41078,a496394acf3c1a16fd655066e856cb4550fd939a680dd80b93fe1f9610164f0a
data/raw/NEU-CLS/NEU-CLS/Pa_78.bmp,Pa_78.bmp,patches,2,val,200,200,41078,4478859df1118953dea663f699edba0ecb3e7b775ecef95f01d19aff72ace0cd
data/raw/NEU-CLS/NEU-CLS/Pa_27.bmp,Pa_27.bmp,patches,2,val,200,200,41078,5fc3f756c83a3d727cb9ec9cb02b15ef3a79f2103c8955bcef081f70e0772b0e
data/raw/NEU-CLS/NEU-CLS/Pa_272.bmp,Pa_272.bmp,patches,2,val,200,200,41078,8f2eaa9c96adbda1690244018480ce13206f149945aeb94bb99b8b415c247e96
data/raw/NEU-CLS/NEU-CLS/Pa_223.bmp,Pa_223.bmp,patches,2,val,200,200,41078,3ce291fd5804d08077c20028f62fa0263385481e7625a3709671dce721417368
data/raw/NEU-CLS/NEU-CLS/Pa_197.bmp,Pa_197.bmp,patches,2,val,200,200,41078,823384bde2a23e33c8d818a6eccb0eb9e85332580f314bb66387cadfc8a4a5a3
data/raw/NEU-CLS/NEU-CLS/Pa_292.bmp,Pa_292.bmp,patches,2,val,200,200,41078,2ea5e95612abe64b7271ea191ba72b8d19ebbb45e7ac1676e45625fe908e0ded
data/raw/NEU-CLS/NEU-CLS/Pa_91.bmp,Pa_91.bmp,patches,2,val,200,200,41078,db66381ce0d2da27deeb04c09d6eed0398029e3f17d7828386c22a709dae8748
data/raw/NEU-CLS/NEU-CLS/Pa_93.bmp,Pa_93.bmp,patches,2,val,200,200,41078,b2935896d219b1a6817723ffc2f5925c32cb3640d0d61bafa5d3dd9e62c01454
data/raw/NEU-CLS/NEU-CLS/Pa_19.bmp,Pa_19.bmp,patches,2,val,200,200,41078,fa602d5d122efcb98273096442dfb6296f27e0970d1c87e445a7c3d7130ba4fc
data/raw/NEU-CLS/NEU-CLS/Pa_273.bmp,Pa_273.bmp,patches,2,val,200,200,41078,56fd075839475e31524c949f31efda3ad57d792467e7b03efcbb772d4888ddc3
data/raw/NEU-CLS/NEU-CLS/Pa_169.bmp,Pa_169.bmp,patches,2,val,200,200,41078,dcb2c9bfdcdbe2856fac2d155bbc8b22485fe7faa48da5d6167273cbdbd75d33
data/raw/NEU-CLS/NEU-CLS/Pa_181.bmp,Pa_181.bmp,patches,2,val,200,200,41078,931543b5cc4e7a6f3b05ed71c9a6cf6dcdc465ef2b3ef08029ff56b5dc5d8368
data/raw/NEU-CLS/NEU-CLS/Pa_47.bmp,Pa_47.bmp,patches,2,val,200,200,41078,d7ae6743ca4e07fb9b6c291aae3e4b7d64f3e29e3b04850321861c2014000e1b
data/raw/NEU-CLS/NEU-CLS/Pa_10.bmp,Pa_10.bmp,patches,2,val,200,200,41078,a10b758761ca0b0d86ff2bae49326cfb58d4ea3490604fdbef1f10391a84d7f8
data/raw/NEU-CLS/NEU-CLS/Pa_83.bmp,Pa_83.bmp,patches,2,val,200,200,41078,9d3a10112312d572dad6f003d79b294b8726ff1d1b7aa86fb585a28099d532e3
data/raw/NEU-CLS/NEU-CLS/Pa_188.bmp,Pa_188.bmp,patches,2,val,200,200,41078,52c0e93047ef3ab2e9fb93902e83f139ab4646ba9025b8e4dcfc3761fbb6eea1
data/raw/NEU-CLS/NEU-CLS/Pa_232.bmp,Pa_232.bmp,patches,2,val,200,200,41078,8b78b91a3ae9c03145ec935521a9f3623ad97bdec44ca422cadf3b78f46933a4
data/raw/NEU-CLS/NEU-CLS/Pa_276.bmp,Pa_276.bmp,patches,2,val,200,200,41078,2a42591b73e24085c52bb00d2ef1328dfbedf4452dd2bf2fa3ba439b83df8c02
data/raw/NEU-CLS/NEU-CLS/Pa_81.bmp,Pa_81.bmp,patches,2,val,200,200,41078,3311b60f23bdb2eab146dd05031f955c4819047629436649481554541bafa052
data/raw/NEU-CLS/NEU-CLS/Pa_298.bmp,Pa_298.bmp,patches,2,test,200,200,41078,d153573e9846a36f9be74587ca0154540885f853bd79ac464af656f6433d442b
data/raw/NEU-CLS/NEU-CLS/Pa_109.bmp,Pa_109.bmp,patches,2,test,200,200,41078,45e421e90251ba83d1db12604370cdebb1ba8ae249f7f40e0e2f533b5c8a0077
data/raw/NEU-CLS/NEU-CLS/Pa_28.bmp,Pa_28.bmp,patches,2,test,200,200,41078,60b5119ef35cd8a231f1bafdea400ec0c5389f8ff501f3911753039b3c4b654c
data/raw/NEU-CLS/NEU-CLS/Pa_294.bmp,Pa_294.bmp,patches,2,test,200,200,41078,15b0e4ae20bbef0ed8203688680edc6ad430089f636af04765663038daa75281
data/raw/NEU-CLS/NEU-CLS/Pa_195.bmp,Pa_195.bmp,patches,2,test,200,200,41078,7a959c7e27dde79fb20f1632af44c6719c52f10fd8087e5af7c9b3be2e84e051
data/raw/NEU-CLS/NEU-CLS/Pa_128.bmp,Pa_128.bmp,patches,2,test,200,200,41078,530f2bce17a4c00767003ca4b164ef12d69722f6f4921107a1a2152cb16ab4a9
data/raw/NEU-CLS/NEU-CLS/Pa_68.bmp,Pa_68.bmp,patches,2,test,200,200,41078,ee9e6ca46d4c9b257733a551005c8a3d041a02d869c77a3947b75461881bfdae
data/raw/NEU-CLS/NEU-CLS/Pa_44.bmp,Pa_44.bmp,patches,2,test,200,200,41078,ed69a2b5327942968542655149c91e495d60552a4bac9bbe00d0beb73d2920e0
data/raw/NEU-CLS/NEU-CLS/Pa_252.bmp,Pa_252.bmp,patches,2,test,200,200,41078,052fc8c524545f6c5cb29228950ede1680b8e9ada880e828dc8b05c70293144c
data/raw/NEU-CLS/NEU-CLS/Pa_288.bmp,Pa_288.bmp,patches,2,test,200,200,41078,ae73057ba763c68f1b198119f77b2016f63f8d65b67fd35b81d54eb1e7fe1214
data/raw/NEU-CLS/NEU-CLS/Pa_291.bmp,Pa_291.bmp,patches,2,test,200,200,41078,b58f9070beaedbd55a58ed52de1399253542912a863fbbfe7050a4ce8abf45bd
data/raw/NEU-CLS/NEU-CLS/Pa_129.bmp,Pa_129.bmp,patches,2,test,200,200,41078,b030d67efa6dbe619bed6d3f831dafc5dbb7e98f718880126b0ab07488fd937d
data/raw/NEU-CLS/NEU-CLS/Pa_199.bmp,Pa_199.bmp,patches,2,test,200,200,41078,213c75a34b77105a58ca012aa4b55790e1f3b309b853c4def80d04b45e743a2f
data/raw/NEU-CLS/NEU-CLS/Pa_170.bmp,Pa_170.bmp,patches,2,test,200,200,41078,b8559690467ec0192d1d452620b2de1cfe0e462d7dcfc5d9047c2a8ec87b4d99
data/raw/NEU-CLS/NEU-CLS/Pa_277.bmp,Pa_277.bmp,patches,2,test,200,200,41078,91e384e7dd248f938c535bac2a6564b1a957e51bdb5558324f0d6a786ecfdeee
data/raw/NEU-CLS/NEU-CLS/Pa_206.bmp,Pa_206.bmp,patches,2,test,200,200,41078,078b3abff3e74cc9469021c3802ee8abf2b28f7abaf06b2fcf582c174948b255
data/raw/NEU-CLS/NEU-CLS/Pa_17.bmp,Pa_17.bmp,patches,2,test,200,200,41078,d1a93cdd018631d7fd932f82d63bf5af8086f825899f1ba0762103eedf184bc9
data/raw/NEU-CLS/NEU-CLS/Pa_163.bmp,Pa_163.bmp,patches,2,test,200,200,41078,498f579bb2f857439f26118f025699aeac94c98f50bb7cfd8b1f0f9c987a1ffd
data/raw/NEU-CLS/NEU-CLS/Pa_137.bmp,Pa_137.bmp,patches,2,test,200,200,41078,0492b1a5ab71398fb2c8b2f5ca280ff792ef27ee2ada5a9b2bfb4e28757212f9
data/raw/NEU-CLS/NEU-CLS/Pa_247.bmp,Pa_247.bmp,patches,2,test,200,200,41078,8f43b361644e1931653b34e4dc92fd2aec92a017ed44af8e194978baa7afe102
data/raw/NEU-CLS/NEU-CLS/Pa_254.bmp,Pa_254.bmp,patches,2,test,200,200,41078,bee4dff76d9b4596cf425fac27e8f619baec1c67b064bf77a7b4ae644d4c8d68
data/raw/NEU-CLS/NEU-CLS/Pa_225.bmp,Pa_225.bmp,patches,2,test,200,200,41078,2e46a2325f5c721fc2d244a4be1e653a1ea3fa7d46bf4edcd5ede5f8a66b5091
data/raw/NEU-CLS/NEU-CLS/Pa_208.bmp,Pa_208.bmp,patches,2,test,200,200,41078,c68062e71e0316eed1f91300f01b662183c768ae9c0268e814da677c32532b5b
data/raw/NEU-CLS/NEU-CLS/Pa_231.bmp,Pa_231.bmp,patches,2,test,200,200,41078,873949af954944b577df39b14b98038bfdc044971e12deeedfcf4dab2221b065
data/raw/NEU-CLS/NEU-CLS/Pa_135.bmp,Pa_135.bmp,patches,2,test,200,200,41078,808a96e540c4597dc725473c5032e3a203d779e5b97a5a4785f88ebd8dc84549
data/raw/NEU-CLS/NEU-CLS/Pa_32.bmp,Pa_32.bmp,patches,2,test,200,200,41078,0c090252778ecc1f9b0e872555751ba07ac8e54dbeaf7b281bea8e78e2160860
data/raw/NEU-CLS/NEU-CLS/Pa_226.bmp,Pa_226.bmp,patches,2,test,200,200,41078,f841f9199b8e76ea23277d22da76b399b72adacd78b31b3dcf2c61bb7828d41d
data/raw/NEU-CLS/NEU-CLS/Pa_21.bmp,Pa_21.bmp,patches,2,test,200,200,41078,bcabc74ec15f2eea9f3f5ac0555c559e17901bb9bbe771119e2f8d65acc3838b
data/raw/NEU-CLS/NEU-CLS/Pa_53.bmp,Pa_53.bmp,patches,2,test,200,200,41078,52526e34d7bda5c44f6b78979056651f86417d482eec8b90e1157b24b0f46f22
data/raw/NEU-CLS/NEU-CLS/Pa_7.bmp,Pa_7.bmp,patches,2,test,200,200,41078,e6077840b5adf9f901c7be40bd41a9a58b30c262086d5b05019b58dded404c2c
data/raw/NEU-CLS/NEU-CLS/Pa_227.bmp,Pa_227.bmp,patches,2,test,200,200,41078,3eb056b1dc50f89a4df08b3cf2cf650ecf14a29068bae5bfc6d4e4b179dec6d4
data/raw/NEU-CLS/NEU-CLS/Pa_213.bmp,Pa_213.bmp,patches,2,test,200,200,41078,0a37e60d8d9f250470317bcdab48dc362a1250ba7cf14446a1d9656f0b80c16e
data/raw/NEU-CLS/NEU-CLS/Pa_219.bmp,Pa_219.bmp,patches,2,test,200,200,41078,eee9c46eae5979ff97451bd5c4438373684b8a4d89bd9313b6ea1a35ed9a0315
data/raw/NEU-CLS/NEU-CLS/Pa_37.bmp,Pa_37.bmp,patches,2,test,200,200,41078,ee229c6a453111314465c6ec57da0c6386c07df3e9e8bade0c9416588c4868c7
data/raw/NEU-CLS/NEU-CLS/Pa_49.bmp,Pa_49.bmp,patches,2,test,200,200,41078,82e270d101c3f2b783c6a73f819fa4956c8954ec017f52d04ab9ca2488a49c12
data/raw/NEU-CLS/NEU-CLS/Pa_173.bmp,Pa_173.bmp,patches,2,test,200,200,41078,5f4f1414e92b3de1659603ef5fdcac6b8ca5c8d25568776648059d32cbe368f9
data/raw/NEU-CLS/NEU-CLS/Pa_35.bmp,Pa_35.bmp,patches,2,test,200,200,41078,39fed86fc07d014611fd69e3985a3a41c7776b99f6f997a741df001c5b5d7acc
data/raw/NEU-CLS/NEU-CLS/Pa_82.bmp,Pa_82.bmp,patches,2,test,200,200,41078,e0c878b56bb84a1df32c62bacedfae88e1799b310ec43dd7682044c43e3d2d88
data/raw/NEU-CLS/NEU-CLS/Pa_297.bmp,Pa_297.bmp,patches,2,test,200,200,41078,6c915bb74997e2c9eb2b39136933ac674e11058c3c08c29faefdb675b6819219
data/raw/NEU-CLS/NEU-CLS/Pa_62.bmp,Pa_62.bmp,patches,2,test,200,200,41078,bda5a5e58605bf00f8ce5cd356f074ed38de562e00b57c39fb6816cdf7431f52
data/raw/NEU-CLS/NEU-CLS/Pa_33.bmp,Pa_33.bmp,patches,2,test,200,200,41078,80e6019efe9309f890958e9e21882ef455858aca362d6b1bcb8fab045b7fdc2d
data/raw/NEU-CLS/NEU-CLS/Pa_246.bmp,Pa_246.bmp,patches,2,test,200,200,41078,655ed1ba238f79da6a790d3059f2ecf70d2d6262b0833ff188a2cc3ba9ff02cc
data/raw/NEU-CLS/NEU-CLS/Pa_88.bmp,Pa_88.bmp,patches,2,test,200,200,41078,423d10cd987e8504ea44eab7f428a8b90c585f370546a2cc225752c7e027cb5b
data/raw/NEU-CLS/NEU-CLS/Pa_74.bmp,Pa_74.bmp,patches,2,test,200,200,41078,ea85ed2cda1ce6c5c59b4eb1a1acb9410d1ab621384313c6b6f3889c0cc2adce
data/raw/NEU-CLS/NEU-CLS/Pa_43.bmp,Pa_43.bmp,patches,2,test,200,200,41078,2568bd7735809e97763a142f2a853aedb7e95391d7e5681abe9b324a1f07d4e7
data/raw/NEU-CLS/NEU-CLS/PS_97.bmp,PS_97.bmp,pitted_surface,3,train,200,200,41078,f7686edb61b55031e5ab6baef913e18baf4116106ded7f30b7491a5692d0c18d
data/raw/NEU-CLS/NEU-CLS/PS_109.bmp,PS_109.bmp,pitted_surface,3,train,200,200,41078,88d09df7d6eb2a2911b693dbe93b86df89aa8a682114a2b996686c95d2cc0b1b
data/raw/NEU-CLS/NEU-CLS/PS_262.bmp,PS_262.bmp,pitted_surface,3,train,200,200,41078,9420ddf900f306e111ff77df190ae8412c069b1fc7d38ecd69c4294cec23551a
data/raw/NEU-CLS/NEU-CLS/PS_172.bmp,PS_172.bmp,pitted_surface,3,train,200,200,41078,6b32f84e0f3d7fc56c4e7087a89a81081f82f26660cc18ddd90c668cb04196fd
data/raw/NEU-CLS/NEU-CLS/PS_81.bmp,PS_81.bmp,pitted_surface,3,train,200,200,41078,bca0d5ce8abe5a0723a3f7e95433b66179c8df0c7f0e785e25211652ecbcd751
data/raw/NEU-CLS/NEU-CLS/PS_189.bmp,PS_189.bmp,pitted_surface,3,train,200,200,41078,7d323d22ecb790604df5f258c2e28c23d36997a0b285fce500e93ee8d36db477
data/raw/NEU-CLS/NEU-CLS/PS_68.bmp,PS_68.bmp,pitted_surface,3,train,200,200,41078,af9ad44fd22cfe80b570f0ead59890f18bca33bc59ae8346ba1eeebb5741e433
data/raw/NEU-CLS/NEU-CLS/PS_244.bmp,PS_244.bmp,pitted_surface,3,train,200,200,41078,e5dd16a796a04db6887e9daa5e7583ac87d40791e9e036cb68fe306bf5ed35b5
data/raw/NEU-CLS/NEU-CLS/PS_14.bmp,PS_14.bmp,pitted_surface,3,train,200,200,41078,ee702be05bbde3f00c1d61cdae793fd905bfc057175009213545c092371a4bbe
data/raw/NEU-CLS/NEU-CLS/PS_159.bmp,PS_159.bmp,pitted_surface,3,train,200,200,41078,f3775922b7a413ed06ff5d3618ae9a7cd66b6e5ffb618f723395dd64d8996b5b
data/raw/NEU-CLS/NEU-CLS/PS_186.bmp,PS_186.bmp,pitted_surface,3,train,200,200,41078,f5218759777939fd827fc205006a044c30c4d32014b17b574a10b8637edd3548
data/raw/NEU-CLS/NEU-CLS/PS_196.bmp,PS_196.bmp,pitted_surface,3,train,200,200,41078,8d95b953a554c83941fbe0e8b772305b37f55bd13afd4882e1ab7a7e1c9b04d7
data/raw/NEU-CLS/NEU-CLS/PS_11.bmp,PS_11.bmp,pitted_surface,3,train,200,200,41078,8873409307e40c9adf53cac545c9ef495bfbe6596710bdf117a8a90f5eb553e8
data/raw/NEU-CLS/NEU-CLS/PS_190.bmp,PS_190.bmp,pitted_surface,3,train,200,200,41078,bd02c97b8122fde04fc3698f315bb13047489981063ca91680309affb7461d60
data/raw/NEU-CLS/NEU-CLS/PS_261.bmp,PS_261.bmp,pitted_surface,3,train,200,200,41078,2362ea54b3c1f07f31b915d58faa79aa8af0b38fdc20dcea53d50f44e80aa01f
data/raw/NEU-CLS/NEU-CLS/PS_240.bmp,PS_240.bmp,pitted_surface,3,train,200,200,41078,04cffd045efaa7d2f3663638c8751dd7902fd3934f9dc6596294c1ca6f5d00bc
data/raw/NEU-CLS/NEU-CLS/PS_26.bmp,PS_26.bmp,pitted_surface,3,train,200,200,41078,8da7ded50f86c4989754a2cf7ac6f97711e763c4aed7610a96e264ecec7576dd
data/raw/NEU-CLS/NEU-CLS/PS_296.bmp,PS_296.bmp,pitted_surface,3,train,200,200,41078,ce7c121c2e77b11c619be45fab506177dbd13b1fcbbc6d78d55d620023f1652b
data/raw/NEU-CLS/NEU-CLS/PS_111.bmp,PS_111.bmp,pitted_surface,3,train,200,200,41078,d66f1b7b472c76005137989b885381965e1fd4747ac1f2d32c1554297fbd4b42
data/raw/NEU-CLS/NEU-CLS/PS_94.bmp,PS_94.bmp,pitted_surface,3,train,200,200,41078,e4e4065fd35be9d3bf08cf3657fd4db3ba3a203f5720a4667d5f229572a0d8ca
data/raw/NEU-CLS/NEU-CLS/PS_264.bmp,PS_264.bmp,pitted_surface,3,train,200,200,41078,009dd8631bb5c9f22042f37e6081c585ddffac2682120443b20fc811301037ed
data/raw/NEU-CLS/NEU-CLS/PS_300.bmp,PS_300.bmp,pitted_surface,3,train,200,200,41078,690117da53d0624fc78f399fd6d8aa49a26c5cc997caa208ae07eb0395f6ce48
data/raw/NEU-CLS/NEU-CLS/PS_48.bmp,PS_48.bmp,pitted_surface,3,train,200,200,41078,016d653612bca648cf0047c26330fa5f90ef0b9e83c5e072caf8cc56517e7899
data/raw/NEU-CLS/NEU-CLS/PS_216.bmp,PS_216.bmp,pitted_surface,3,train,200,200,41078,e60f84b1ebf9fe9a9f6aad858dcc2eadbe6691466abbde4b10c6f6deb376d7bd
data/raw/NEU-CLS/NEU-CLS/PS_187.bmp,PS_187.bmp,pitted_surface,3,train,200,200,41078,56cf7802443b17553a1d6949ac9d7492ed8d724177e2f17cde10f822b5e842b3
data/raw/NEU-CLS/NEU-CLS/PS_283.bmp,PS_283.bmp,pitted_surface,3,train,200,200,41078,484fe3ed7e81a484ded9d550c49030b1e65d225c54d86819060f1b8baf454b30
data/raw/NEU-CLS/NEU-CLS/PS_232.bmp,PS_232.bmp,pitted_surface,3,train,200,200,41078,146441d13947cde2098a76eb0759bf35305af3280580b60f3890cfc072e02667
data/raw/NEU-CLS/NEU-CLS/PS_145.bmp,PS_145.bmp,pitted_surface,3,train,200,200,41078,b36093b5658276e389b22f6627a59ad3a189a9008f6534094daa03aa165436a8
data/raw/NEU-CLS/NEU-CLS/PS_221.bmp,PS_221.bmp,pitted_surface,3,train,200,200,41078,a7aa30bb287e99cf0ee5ce6b2b0f28d14da726fb47bf5103ac8e0ceb0ff0591b
data/raw/NEU-CLS/NEU-CLS/PS_57.bmp,PS_57.bmp,pitted_surface,3,train,200,200,41078,a1ea03f5b32115d04c41a65fcc22e2725555b7f35998057ee7c478d8afd81a8c
data/raw/NEU-CLS/NEU-CLS/PS_268.bmp,PS_268.bmp,pitted_surface,3,train,200,200,41078,c09579dcda0ce65a18ff752c14c95a42bd30be9f24691cc240d402835beabcd5
data/raw/NEU-CLS/NEU-CLS/PS_178.bmp,PS_178.bmp,pitted_surface,3,train,200,200,41078,d3628270bfa2506bf81cf255f322915974ecabdc0ce39a4fc1c95459d4fa78d1
data/raw/NEU-CLS/NEU-CLS/PS_286.bmp,PS_286.bmp,pitted_surface,3,train,200,200,41078,8f0e442b6914cb51a65ff2839fd67d7959bd7780bac8e7ff884ec26c8c38d93c
data/raw/NEU-CLS/NEU-CLS/PS_289.bmp,PS_289.bmp,pitted_surface,3,train,200,200,41078,5a1638ac29e27ff8473ca1d1dd5bbe1cd344d959139a6ff106953841fa20c53e
data/raw/NEU-CLS/NEU-CLS/PS_246.bmp,PS_246.bmp,pitted_surface,3,train,200,200,41078,d728ccd2f4721aebea4a8c4e2bbe8cd16862a66c6bd5f639999ea3cc0550817a
data/raw/NEU-CLS/NEU-CLS/PS_184.bmp,PS_184.bmp,pitted_surface,3,train,200,200,41078,4efdf9a2c736bdb2e21fe4354e8c67354cc9506c8722e7af440e88670b62669d
data/raw/NEU-CLS/NEU-CLS/PS_70.bmp,PS_70.bmp,pitted_surface,3,train,200,200,41078,b83d13a997416777a96d9c6a2cc21729fb732d5bcc8c92d06a1302c7b5568bb4
data/raw/NEU-CLS/NEU-CLS/PS_219.bmp,PS_219.bmp,pitted_surface,3,train,200,200,41078,0bb19269a68207673fa8a18ce05230fca620024b639dd15158f24ff265492edd
data/raw/NEU-CLS/NEU-CLS/PS_121.bmp,PS_121.bmp,pitted_surface,3,train,200,200,41078,146aa3f674aa9e073911dfddfb3e6146136db5854beb38368e5a687d5ef5b6fa
data/raw/NEU-CLS/NEU-CLS/PS_134.bmp,PS_134.bmp,pitted_surface,3,train,200,200,41078,e5dd8b8f3059d25079cf70918836d84863a669741f8231a66f47502566602d6e
data/raw/NEU-CLS/NEU-CLS/PS_58.bmp,PS_58.bmp,pitted_surface,3,train,200,200,41078,fd5f0396a2413c249388bd6c0671c1fca97419494c694558d37ef6f9ade32dea
data/raw/NEU-CLS/NEU-CLS/PS_63.bmp,PS_63.bmp,pitted_surface,3,train,200,200,41078,47526f04f9fb17407fbd5c7d5997a56deba1634d9619af1c5b5f5611c88208a1
data/raw/NEU-CLS/NEU-CLS/PS_259.bmp,PS_259.bmp,pitted_surface,3,train,200,200,41078,47be8a8f7013a1e07ddca90f3091bf929800c7797048bc65b73fb2d4bdc4c991
data/raw/NEU-CLS/NEU-CLS/PS_102.bmp,PS_102.bmp,pitted_surface,3,train,200,200,41078,69a879ab075cc8dbf004773af127532e28578d822cc32ca5ba1fc6df9e3e3995
data/raw/NEU-CLS/NEU-CLS/PS_141.bmp,PS_141.bmp,pitted_surface,3,train,200,200,41078,1b2784d1945e2c76a8b551678159e1d987670759f9294c2ba3d35a40997c162a
data/raw/NEU-CLS/NEU-CLS/PS_79.bmp,PS_79.bmp,pitted_surface,3,train,200,200,41078,c7a27665aa4322939659574cd143914d524e8fd5081e28141fa42bcf0d4ce2f1
data/raw/NEU-CLS/NEU-CLS/PS_83.bmp,PS_83.bmp,pitted_surface,3,train,200,200,41078,75a311be6dec3ae338ae4767abe4e200c40e2f7201a5901148c58767118bed6c
data/raw/NEU-CLS/NEU-CLS/PS_247.bmp,PS_247.bmp,pitted_surface,3,train,200,200,41078,958726aa7d9f098e7d919fe4a27afae9560bd0596f586f96cf4d3f24af4b1991
data/raw/NEU-CLS/NEU-CLS/PS_265.bmp,PS_265.bmp,pitted_surface,3,train,200,200,41078,22c99b8c8a730349c33fbca69ee33b3e705c10510c3f797b1e217c55e7f2f058
data/raw/NEU-CLS/NEU-CLS/PS_183.bmp,PS_183.bmp,pitted_surface,3,train,200,200,41078,ef592053999c1cba0737030ec21ffbf4881e1beebb93469dea31baa5d0d358e5
data/raw/NEU-CLS/NEU-CLS/PS_266.bmp,PS_266.bmp,pitted_surface,3,train,200,200,41078,f50541dc07185a7437bd3a10c7bc24fa9fb8c787cbfaeebbe95be212bc4351a9
data/raw/NEU-CLS/NEU-CLS/PS_226.bmp,PS_226.bmp,pitted_surface,3,train,200,200,41078,2c5350e3aadf7acfd4ef2ddc033a5b7819c840f7b177c657d6943448900a82aa
data/raw/NEU-CLS/NEU-CLS/PS_15.bmp,PS_15.bmp,pitted_surface,3,train,200,200,41078,ad90cd143040b4772fb1ccca7e05c2f54c267d3355d252fdaed5438163eccf6e
data/raw/NEU-CLS/NEU-CLS/PS_124.bmp,PS_124.bmp,pitted_surface,3,train,200,200,41078,84688337e6faa4ec50ae5c43adc3f357d9700721ef7b8679b74c0710d400aa27
data/raw/NEU-CLS/NEU-CLS/PS_148.bmp,PS_148.bmp,pitted_surface,3,train,200,200,41078,a7f7fb7d49c3a4a6a85bb0c77fcab546186dea85bda8d63fbaffc7e88b19e030
data/raw/NEU-CLS/NEU-CLS/PS_35.bmp,PS_35.bmp,pitted_surface,3,train,200,200,41078,53c3879cd3db75c5e17abffbbc59690bb50b75ac37c564c5dff4a38b0cfa6a53
data/raw/NEU-CLS/NEU-CLS/PS_149.bmp,PS_149.bmp,pitted_surface,3,train,200,200,41078,5c67b5b3d48aa955a323b71b26849b220b13a4656bd06c190508b570d8a3ea50
data/raw/NEU-CLS/NEU-CLS/PS_118.bmp,PS_118.bmp,pitted_surface,3,train,200,200,41078,fee81dd37d80dc6b43c5b68fb6fd9bccf2bcc2c506d8edb176271090f5888cd7
data/raw/NEU-CLS/NEU-CLS/PS_272.bmp,PS_272.bmp,pitted_surface,3,train,200,200,41078,1484f2c0c37bf59f16e4c602999637588ad220cb3ff16af7af36a60219ac0677
data/raw/NEU-CLS/NEU-CLS/PS_128.bmp,PS_128.bmp,pitted_surface,3,train,200,200,41078,7bb1090b6cb0b35f1d47837c05734cbeb65c9994c357af6787a143d45f782404
data/raw/NEU-CLS/NEU-CLS/PS_19.bmp,PS_19.bmp,pitted_surface,3,train,200,200,41078,f49e415a8dc7e12440d93f1a3b014145590c07ec13ec1d13d7db6ddbd2df4347
data/raw/NEU-CLS/NEU-CLS/PS_100.bmp,PS_100.bmp,pitted_surface,3,train,200,200,41078,9ad08d0e127f2610f0b613ced19713824af41080b5a6b92ba1dfc34058590196
data/raw/NEU-CLS/NEU-CLS/PS_174.bmp,PS_174.bmp,pitted_surface,3,train,200,200,41078,1bbeeb4a32adaa39ec121e7e109828f50fda104d61fb196e9417de763fa421a2
data/raw/NEU-CLS/NEU-CLS/PS_250.bmp,PS_250.bmp,pitted_surface,3,train,200,200,41078,2160a0e2943fa77b82040ef8218610a9f3d41f9e829927c4ace74c01bf11678f
data/raw/NEU-CLS/NEU-CLS/PS_177.bmp,PS_177.bmp,pitted_surface,3,train,200,200,41078,9119dbfb8d79d861183718bcbd37da95d0747c7455facf3302c9be9e0b8cd0da
data/raw/NEU-CLS/NEU-CLS/PS_164.bmp,PS_164.bmp,pitted_surface,3,train,200,200,41078,f810247318fea72444886a64240a7f12a521e64d4e1a0fdc4bd9a20037198f59
data/raw/NEU-CLS/NEU-CLS/PS_34.bmp,PS_34.bmp,pitted_surface,3,train,200,200,41078,8c2ed179f44766518f69482938ddc0e8ff1ec80da38cadcdb39799d0e4041832
data/raw/NEU-CLS/NEU-CLS/PS_263.bmp,PS_263.bmp,pitted_surface,3,train,200,200,41078,4986d75015c40a4e86dc89d40f5ff250640458682ea6998a59c952dc75924a89
data/raw/NEU-CLS/NEU-CLS/PS_22.bmp,PS_22.bmp,pitted_surface,3,train,200,200,41078,923997841473af4fb2f300c6653ecbf55604bc172f633b1f62a210253f58c787
data/raw/NEU-CLS/NEU-CLS/PS_276.bmp,PS_276.bmp,pitted_surface,3,train,200,200,41078,7ed3b74ae6b22c708e8e7ab7831e1f9b3c96f24c697f5ada1899824229c433b4
data/raw/NEU-CLS/NEU-CLS/PS_60.bmp,PS_60.bmp,pitted_surface,3,train,200,200,41078,902498775606ecd17f8587051a2ecb21ce5c63cab78119f99aa222bf95402453
data/raw/NEU-CLS/NEU-CLS/PS_292.bmp,PS_292.bmp,pitted_surface,3,train,200,200,41078,643e5e208ee71ff10e3398d5384febd8e1c57a6828e26c2bfe56e811663b6d3d
data/raw/NEU-CLS/NEU-CLS/PS_230.bmp,PS_230.bmp,pitted_surface,3,train,200,200,41078,dfbf25aa3891e42abb17f9aca39430bcb7a9a4bba2b4a106150059d00accaa81
data/raw/NEU-CLS/NEU-CLS/PS_227.bmp,PS_227.bmp,pitted_surface,3,train,200,200,41078,22f458b248592310eb8019e49884d80a2d3d33bdf54718f9e968ba9dd6bd9344
data/raw/NEU-CLS/NEU-CLS/PS_78.bmp,PS_78.bmp,pitted_surface,3,train,200,200,41078,9720984623b21e9e79046d22cc6f6cebe420187e4c8d1c75960a6937b1ceb682
data/raw/NEU-CLS/NEU-CLS/PS_33.bmp,PS_33.bmp,pitted_surface,3,train,200,200,41078,d5cca253b391e0c15a0a2ab575e0c50a7c7bd37ddb231e2f77b4540c48e21367
data/raw/NEU-CLS/NEU-CLS/PS_255.bmp,PS_255.bmp,pitted_surface,3,train,200,200,41078,a9072d09f6a49ac88b8800cfa898c711245159e5194c1d1820277e7a4c14a0a7
data/raw/NEU-CLS/NEU-CLS/PS_198.bmp,PS_198.bmp,pitted_surface,3,train,200,200,41078,e296090cd16fcebec87bb167b9ff25a7d3f544e882a38e65f63e1fecbcf805fa
data/raw/NEU-CLS/NEU-CLS/PS_277.bmp,PS_277.bmp,pitted_surface,3,train,200,200,41078,87113dca016063cbe49f8f1c3c0618de8255a832b08bf92ba82b3dec9f80bb8e
data/raw/NEU-CLS/NEU-CLS/PS_293.bmp,PS_293.bmp,pitted_surface,3,train,200,200,41078,b06599f54fab2c6342e76d983e8f4331bead31d18c4eff7d91581a009dd9855a
data/raw/NEU-CLS/NEU-CLS/PS_47.bmp,PS_47.bmp,pitted_surface,3,train,200,200,41078,75bf234d811b480d3bd707364ab78570295358cc0488b8acf40136a84cfc1484
data/raw/NEU-CLS/NEU-CLS/PS_66.bmp,PS_66.bmp,pitted_surface,3,train,200,200,41078,2e2a1195a3c8656cbe3bc0ee6b586d98bf9de12e64ca0f8f50ece1459db25949
data/raw/NEU-CLS/NEU-CLS/PS_270.bmp,PS_270.bmp,pitted_surface,3,train,200,200,41078,4498b279e29eba6fd63b5ec9725dd36e0280cbd12c09280d3db1682df946eefd
data/raw/NEU-CLS/NEU-CLS/PS_65.bmp,PS_65.bmp,pitted_surface,3,train,200,200,41078,c51e004ca07648b3fcf658fc52099b96864d6a1e200ab1bf730e83fa5ea0d37c
data/raw/NEU-CLS/NEU-CLS/PS_228.bmp,PS_228.bmp,pitted_surface,3,train,200,200,41078,94d9e8cbe0fdd7056919bbe1a4496d9b1c7fbf9cc686f3148490b881838a570a
data/raw/NEU-CLS/NEU-CLS/PS_215.bmp,PS_215.bmp,pitted_surface,3,train,200,200,41078,5d2916dea6f4e986a6040ddd25a67e7c295a4010f03cfea44a72b6468cd93711
data/raw/NEU-CLS/NEU-CLS/PS_71.bmp,PS_71.bmp,pitted_surface,3,train,200,200,41078,142cfed0073a8e4e85c6dda9dab11561b6871cbca253604b69b41e30e872e9cc
data/raw/NEU-CLS/NEU-CLS/PS_155.bmp,PS_155.bmp,pitted_surface,3,train,200,200,41078,66948900376534fb10647f29f7f6e4e92d03f80728eb19fb6f4b9a49c3b4b495
data/raw/NEU-CLS/NEU-CLS/PS_252.bmp,PS_252.bmp,pitted_surface,3,train,200,200,41078,0ba0d11ce9c960a8b6b1c48c9d8273f9ffb8fa4937bda6e5507db2514ea17774
data/raw/NEU-CLS/NEU-CLS/PS_166.bmp,PS_166.bmp,pitted_surface,3,train,200,200,41078,106c3ee4f882fcc8934f62db1738e8bcfd0ac77f97f52715ce17275a8f00493f
data/raw/NEU-CLS/NEU-CLS/PS_167.bmp,PS_167.bmp,pitted_surface,3,train,200,200,41078,cfd3b0e70e421091b15b9af6decb162d081c306515dcdcd7c9dde6b0a116a19c
data/raw/NEU-CLS/NEU-CLS/PS_42.bmp,PS_42.bmp,pitted_surface,3,train,200,200,41078,3b129d711167ef3d103c18772ce0d514b84641d2d0e226045a3f89adc657f0b2
data/raw/NEU-CLS/NEU-CLS/PS_39.bmp,PS_39.bmp,pitted_surface,3,train,200,200,41078,9498c24abc44fc418cb9615718bbaa1e8a55af7e2258bb707d6cac8f24c05faf
data/raw/NEU-CLS/NEU-CLS/PS_90.bmp,PS_90.bmp,pitted_surface,3,train,200,200,41078,6c1775453de6c78cad310fab2741b50922accb90b473858f2c5e2dd3d3bc56e6
data/raw/NEU-CLS/NEU-CLS/PS_85.bmp,PS_85.bmp,pitted_surface,3,train,200,200,41078,d03075696b967a78adc4a8a9be0d8e0708e7a0b5fff4cfb20072c1044b1aad57
data/raw/NEU-CLS/NEU-CLS/PS_52.bmp,PS_52.bmp,pitted_surface,3,train,200,200,41078,01a646802efe6a437acfb6180596a47850df0f0d5f6cef07bc4409d0241975ad
data/raw/NEU-CLS/NEU-CLS/PS_9.bmp,PS_9.bmp,pitted_surface,3,train,200,200,41078,a7a96f4898af122ced22686012e87fde46ed02ab359b44b8d657a011a9e3b161
data/raw/NEU-CLS/NEU-CLS/PS_201.bmp,PS_201.bmp,pitted_surface,3,train,200,200,41078,37c47a54c9bd230bc1748494d79122fc326f10542f6b78cd0b57584c287cdb6f
data/raw/NEU-CLS/NEU-CLS/PS_188.bmp,PS_188.bmp,pitted_surface,3,train,200,200,41078,76c40d82c1c041bf637fb2e905966a0c65e83fa727109e68234fc8f32abdec97
data/raw/NEU-CLS/NEU-CLS/PS_130.bmp,PS_130.bmp,pitted_surface,3,train,200,200,41078,3de46df7a23e5f40e94dee75f9aa75c701828ebc078191ac8f7ce0826f1fa6b2
data/raw/NEU-CLS/NEU-CLS/PS_106.bmp,PS_106.bmp,pitted_surface,3,train,200,200,41078,560f0e8818b07c83f353e66a2ddcd64ba6bfbae0c27e51805c2160d0144abc78
data/raw/NEU-CLS/NEU-CLS/PS_114.bmp,PS_114.bmp,pitted_surface,3,train,200,200,41078,9d062f0a2dca2991f0db6b188e83f978aa523c6a253fac0d88eb858bc9cd00da
data/raw/NEU-CLS/NEU-CLS/PS_185.bmp,PS_185.bmp,pitted_surface,3,train,200,200,41078,75563b4c5dd9ade3b9fc4840e4c2ac54aaee8b3831c2a82af4a157e3c9ba3828
data/raw/NEU-CLS/NEU-CLS/PS_204.bmp,PS_204.bmp,pitted_surface,3,train,200,200,41078,8ebfb1e24aa8b17cdc9d757bd3ac4c7d57cca64135dc408bdc28483f7f01c5bc
data/raw/NEU-CLS/NEU-CLS/PS_92.bmp,PS_92.bmp,pitted_surface,3,train,200,200,41078,8e97aaa48838142c1650567f0d88fdff59c9955764b2ff68f5500f2db76fb00c
data/raw/NEU-CLS/NEU-CLS/PS_120.bmp,PS_120.bmp,pitted_surface,3,train,200,200,41078,3d974a1143b30070f03f8a19bc2086d97832c2ffe7bdcd736b4318f6b7c829cc
data/raw/NEU-CLS/NEU-CLS/PS_143.bmp,PS_143.bmp,pitted_surface,3,train,200,200,41078,18d21cc4181c2ea4f018ddd597d064a62c9f8ccc1acb8a7001e91978ddf4bbbf
data/raw/NEU-CLS/NEU-CLS/PS_56.bmp,PS_56.bmp,pitted_surface,3,train,200,200,41078,b7fe246a8bbba8c79f2bbf81c4a3ba66595c3cba637da6043476601c77123a5e
data/raw/NEU-CLS/NEU-CLS/PS_162.bmp,PS_162.bmp,pitted_surface,3,train,200,200,41078,7bb4223ad18e75bc71b72b0a8e6a3d9b660b2f6b09a94191f5b3517a6922372a
data/raw/NEU-CLS/NEU-CLS/PS_28.bmp,PS_28.bmp,pitted_surface,3,train,200,200,41078,54eafe6f6a6485257c20cf8baec22924f74a84587a5ecceb70352c63263f033b
data/raw/NEU-CLS/NEU-CLS/PS_222.bmp,PS_222.bmp,pitted_surface,3,train,200,200,41078,69aabe7671a826e81e23d47d5cea92c213ff9adbd6585c9cd165a373732fe69b
data/raw/NEU-CLS/NEU-CLS/PS_88.bmp,PS_88.bmp,pitted_surface,3,train,200,200,41078,fb4f0f12ae0c01782fc3ad4077363d88ee23ce63150826bfa48adcc72d2d66f9
data/raw/NEU-CLS/NEU-CLS/PS_74.bmp,PS_74.bmp,pitted_surface,3,train,200,200,41078,742755c2de54ac8e30577d5f4f7dedd8b1eb6288477db90fb10e6633df994230
data/raw/NEU-CLS/NEU-CLS/PS_21.bmp,PS_21.bmp,pitted_surface,3,train,200,200,41078,693fbfb3ca85beea94020620ca34d073c13f326aeef20124487ec6998f2a94a7
data/raw/NEU-CLS/NEU-CLS/PS_147.bmp,PS_147.bmp,pitted_surface,3,train,200,200,41078,51c3516fbd7300630e72b5dfe0b9994cbb58ed7154ca1287870b0248a710fb53
data/raw/NEU-CLS/NEU-CLS/PS_13.bmp,PS_13.bmp,pitted_surface,3,train,200,200,41078,fc5dbc3c226f364e4ddb27bff2c370bc7bb554da6bd5d61413da41b749c2e59b
data/raw/NEU-CLS/NEU-CLS/PS_180.bmp,PS_180.bmp,pitted_surface,3,train,200,200,41078,e490facd63dfc007f4b60ba7b68e7303bbdb53dac2632edc3df7887d76082e41
data/raw/NEU-CLS/NEU-CLS/PS_158.bmp,PS_158.bmp,pitted_surface,3,train,200,200,41078,0e8a72728371af81653a6c320f2af813f20fa96ed0b2619a574854df0bd959cf
data/raw/NEU-CLS/NEU-CLS/PS_96.bmp,PS_96.bmp,pitted_surface,3,train,200,200,41078,166e86413e1aa5218843309b38592b1f4f0a20799c34a096c4384e8f8b38d527
data/raw/NEU-CLS/NEU-CLS/PS_181.bmp,PS_181.bmp,pitted_surface,3,train,200,200,41078,7d65e798908bb3248a7dbb1be60689bcbc264b3ab74c3b6175758d314847cd9f
data/raw/NEU-CLS/NEU-CLS/PS_298.bmp,PS_298.bmp,pitted_surface,3,train,200,200,41078,9f2b3fe2966241087a23c6c807cf97ef0e2e36a323d08717dc1028da4d9c77d2
data/raw/NEU-CLS/NEU-CLS/PS_156.bmp,PS_156.bmp,pitted_surface,3,train,200,200,41078,2dd65a47196269b5f222e9befec97e5c3d3807e489758bc9302604be6c0bb221
data/raw/NEU-CLS/NEU-CLS/PS_116.bmp,PS_116.bmp,pitted_surface,3,train,200,200,41078,366b30ec0acd51915cf63c42525541bdb1cf5a6e48a204ab33b3a09c9b65e935
data/raw/NEU-CLS/NEU-CLS/PS_76.bmp,PS_76.bmp,pitted_surface,3,train,200,200,41078,77093cc0582267961658b4ac8149a0e18785d20519fe9baca61dcf6fedb9ac91
data/raw/NEU-CLS/NEU-CLS/PS_242.bmp,PS_242.bmp,pitted_surface,3,train,200,200,41078,8c69f23c7158fd8476b465f86437a2b48f23bd826bd33abebf395e010b749988
data/raw/NEU-CLS/NEU-CLS/PS_37.bmp,PS_37.bmp,pitted_surface,3,train,200,200,41078,d237fea6339490177080e157d6df709f0b1e88f88449c1a70c4526e10c7a4db3
data/raw/NEU-CLS/NEU-CLS/PS_208.bmp,PS_208.bmp,pitted_surface,3,train,200,200,41078,b01c8ec9a46accc42069fc8de93abc9c2fe26076890dd76112d67877f7d0df69
data/raw/NEU-CLS/NEU-CLS/PS_67.bmp,PS_67.bmp,pitted_surface,3,train,200,200,41078,d8a5cd066d51753bd783bdd11015bd1f77c4be73e60cd28280a78a82f203c959
data/raw/NEU-CLS/NEU-CLS/PS_241.bmp,PS_241.bmp,pitted_surface,3,train,200,200,41078,4c083a5d49417a835a767e1bf12244dc8502cf1eba0475a5d154f0ea7927cc55
data/raw/NEU-CLS/NEU-CLS/PS_49.bmp,PS_49.bmp,pitted_surface,3,train,200,200,41078,17a8469f37d079e8ae8ab26f84492d148706536a34374f4850fc9bcf0e8eaa74
data/raw/NEU-CLS/NEU-CLS/PS_295.bmp,PS_295.bmp,pitted_surface,3,train,200,200,41078,0d8838eb41f0633670c94300eea0733b393280515ce29dbf04c17c3c0a884ac2
data/raw/NEU-CLS/NEU-CLS/PS_8.bmp,PS_8.bmp,pitted_surface,3,train,200,200,41078,f54f4ec7d25ff4a55e72b990099075ae01534d9bced0f850e01fcafd8177832f
data/raw/NEU-CLS/NEU-CLS/PS_101.bmp,PS_101.bmp,pitted_surface,3,train,200,200,41078,e1212788130e06e14e125d3a763b815bbd6696def62bf4b6d7470fc99f21d857
data/raw/NEU-CLS/NEU-CLS/PS_170.bmp,PS_170.bmp,pitted_surface,3,train,200,200,41078,7a4eff77625a43fdf8fdfb62a877c5f5f8c3710cd0c513f56a7e5debb6f17748
data/raw/NEU-CLS/NEU-CLS/PS_135.bmp,PS_135.bmp,pitted_surface,3,train,200,200,41078,a0365bee43f08f85fc7095ad248e8ae70053af732414473dc1cff318efaa52e3
data/raw/NEU-CLS/NEU-CLS/PS_154.bmp,PS_154.bmp,pitted_surface,3,train,200,200,41078,0200a31905ca40b4be9ba0b9b7b4a15ee8511adb8c5d8f656b64b6a08b97cc35
data/raw/NEU-CLS/NEU-CLS/PS_105.bmp,PS_105.bmp,pitted_surface,3,train,200,200,41078,c4c29586f66e07bbc5481fc9c36cb64b41ac68c0fc89409ddfd9c0887b49b0dd
data/raw/NEU-CLS/NEU-CLS/PS_299.bmp,PS_299.bmp,pitted_surface,3,train,200,200,41078,0efc3ebbc3378ba6a70654cefe4ccab632fcaea29534debab9a7ff4105c70d23
data/raw/NEU-CLS/NEU-CLS/PS_210.bmp,PS_210.bmp,pitted_surface,3,train,200,200,41078,dc85ef1a99534b118c6e9faa7155066ef934bcd4e700d63f2e9640d4615ed9bd
data/raw/NEU-CLS/NEU-CLS/PS_31.bmp,PS_31.bmp,pitted_surface,3,train,200,200,41078,f806428d06c0e8d65e9df001fac1c5ee5ba2c5b1d1a3c59fa145f646b7afb2fb
data/raw/NEU-CLS/NEU-CLS/PS_25.bmp,PS_25.bmp,pitted_surface,3,train,200,200,41078,b8344eee4f5a49926e82aaeea1b49024d7bb85382094e1bfbead69bc18baf0b2
data/raw/NEU-CLS/NEU-CLS/PS_99.bmp,PS_99.bmp,pitted_surface,3,train,200,200,41078,7611d516c3c79cfb9a61e4c58917a04f79817fb551c74bf1bc4f13b78c327c18
data/raw/NEU-CLS/NEU-CLS/PS_43.bmp,PS_43.bmp,pitted_surface,3,train,200,200,41078,78329738fb00617dede3e43d86316f9536a7e91d07be48d4c1b15e04ab7a7e4c
data/raw/NEU-CLS/NEU-CLS/PS_273.bmp,PS_273.bmp,pitted_surface,3,train,200,200,41078,2d919f3dbece929dbc662c756d3f62dc6d570c1dda1e878b0541747c17d95918
data/raw/NEU-CLS/NEU-CLS/PS_146.bmp,PS_146.bmp,pitted_surface,3,train,200,200,41078,c0851b88743ed85591955adee688d70aa2d5bb18e42a5bce77685a2f3f04cf06
data/raw/NEU-CLS/NEU-CLS/PS_235.bmp,PS_235.bmp,pitted_surface,3,train,200,200,41078,fd9e761bebb05d22b0a21251b9e75658bdb3f75166c77f49f43f839b7bfae895
data/raw/NEU-CLS/NEU-CLS/PS_267.bmp,PS_267.bmp,pitted_surface,3,train,200,200,41078,5a8f9d50841a9c94ccb5e845ba536f17274f3b3a806809e281ffe085cad2cbda
data/raw/NEU-CLS/NEU-CLS/PS_91.bmp,PS_91.bmp,pitted_surface,3,train,200,200,41078,3340c1606bcfbc216ada04a33f9b50fb54d2a29001c3aaf4dbb45b380d37d5b1
data/raw/NEU-CLS/NEU-CLS/PS_182.bmp,PS_182.bmp,pitted_surface,3,train,200,200,41078,d993a9b45bc345a075912d4e748668b657f57236f94bfe1c49f2d0588b122346
data/raw/NEU-CLS/NEU-CLS/PS_285.bmp,PS_285.bmp,pitted_surface,3,train,200,200,41078,8339c51ee659c87087ee0b55d3b8dcbf62a7cceb56dff2424f7fe6d011800b66
data/raw/NEU-CLS/NEU-CLS/PS_142.bmp,PS_142.bmp,pitted_surface,3,train,200,200,41078,9a3df0052553bd48b556ded466d084daa610a7d7a3d632b9db7884cb44547e35
data/raw/NEU-CLS/NEU-CLS/PS_110.bmp,PS_110.bmp,pitted_surface,3,train,200,200,41078,ccab105c31523670b58a7772e1679e90350a544cbf0fb02264a6f2021ab8ef13
data/raw/NEU-CLS/NEU-CLS/PS_50.bmp,PS_50.bmp,pitted_surface,3,train,200,200,41078,fb863a481e86b7115cb728ce9edb3d103f1dcff52b6588b464758b707cf86d7c
data/raw/NEU-CLS/NEU-CLS/PS_62.bmp,PS_62.bmp,pitted_surface,3,train,200,200,41078,63147080dfe08b44bcd87b853103f7b48dfa542c1d589754616cbd73abaac64e
data/raw/NEU-CLS/NEU-CLS/PS_87.bmp,PS_87.bmp,pitted_surface,3,train,200,200,41078,ebabda1f255adfd4839ef614f51ec96ff176b8a3cf34021d6474a949ef9c3e46
data/raw/NEU-CLS/NEU-CLS/PS_1.bmp,PS_1.bmp,pitted_surface,3,train,200,200,41078,fc297bec581b1cc1553def3e49e9ebe469c8e2fd2fd6fa6ba381aa6df1d3189d
data/raw/NEU-CLS/NEU-CLS/PS_217.bmp,PS_217.bmp,pitted_surface,3,train,200,200,41078,9fe835522d715dd3c134d8a891e706338024b7e7d20b970342004361087021dd
data/raw/NEU-CLS/NEU-CLS/PS_294.bmp,PS_294.bmp,pitted_surface,3,train,200,200,41078,1b1779d88bd16a334d0dc9ea129151ab5bb457971569b8621c78ee2300cf6c9a
data/raw/NEU-CLS/NEU-CLS/PS_46.bmp,PS_46.bmp,pitted_surface,3,train,200,200,41078,6f9a9668fbeae0273386aa4fe98fa9a9cf40aac0bc74f227d3737d219c6baea3
data/raw/NEU-CLS/NEU-CLS/PS_256.bmp,PS_256.bmp,pitted_surface,3,train,200,200,41078,a5380af5cf5e1f3aae0e4f9f94ab3877bd9629f720362a8bc319056bccd9b226
data/raw/NEU-CLS/NEU-CLS/PS_282.bmp,PS_282.bmp,pitted_surface,3,train,200,200,41078,3e15e1f9e5b7551a8fbbf8fd07150483b46af33ec356e36ea7f73d43d014771a
data/raw/NEU-CLS/NEU-CLS/PS_69.bmp,PS_69.bmp,pitted_surface,3,train,200,200,41078,53c923dfa386a5075d47992a2a2a058a2bc7c25b977e42c3d261efa16a4d626c
data/raw/NEU-CLS/NEU-CLS/PS_119.bmp,PS_119.bmp,pitted_surface,3,train,200,200,41078,107bc0628abf5dca007da8f811d387700e92bb924bb3203fc74e84ac1dd200b8
data/raw/NEU-CLS/NEU-CLS/PS_203.bmp,PS_203.bmp,pitted_surface,3,train,200,200,41078,7e62d91c71e6e44ff3404964efe3df8c5ed6d64ed5f8eefd2c0c4857a7fe4784
data/raw/NEU-CLS/NEU-CLS/PS_107.bmp,PS_107.bmp,pitted_surface,3,train,200,200,41078,7d69ed22968ac3ba676ae047808389e338212c2d95a2e5333f834b6aa6ff6089
data/raw/NEU-CLS/NEU-CLS/PS_225.bmp,PS_225.bmp,pitted_surface,3,train,200,200,41078,03e21900e84047f5d58a7fbb929370d922f68d96ab4ef3bac461dd3d9abd9b5d
data/raw/NEU-CLS/NEU-CLS/PS_191.bmp,PS_191.bmp,pitted_surface,3,train,200,200,41078,66938dee32d3d3c4d63810c7fd54722836becf4eed5d902570addaf79566ece6
data/raw/NEU-CLS/NEU-CLS/PS_30.bmp,PS_30.bmp,pitted_surface,3,train,200,200,41078,432a4fd2f270dcfeff81be35f9a3f927be48eebaa77a4878d50df483200b4a53
data/raw/NEU-CLS/NEU-CLS/PS_290.bmp,PS_290.bmp,pitted_surface,3,train,200,200,41078,d55404481ba5a27070ee25dfc06ede1b53454211507d924154d0fd7a04a5d5ae
data/raw/NEU-CLS/NEU-CLS/PS_194.bmp,PS_194.bmp,pitted_surface,3,train,200,200,41078,241a2299ace796a125e2dfeb22819ba4428b9d52f329ded0ae0f1f87a353d9da
data/raw/NEU-CLS/NEU-CLS/PS_175.bmp,PS_175.bmp,pitted_surface,3,train,200,200,41078,a970b17872dc91c4d471604c9eea5c13d746fe7db16a58a08974823811842aaf
data/raw/NEU-CLS/NEU-CLS/PS_73.bmp,PS_73.bmp,pitted_surface,3,train,200,200,41078,6e0ffde4b4511e30a1775c357da631ef90cca83eef518d6bc8bde9bcdb45f2ee
data/raw/NEU-CLS/NEU-CLS/PS_122.bmp,PS_122.bmp,pitted_surface,3,train,200,200,41078,5ba29129ecd57fe4e8b3615af56cb382c766a6a0627fe1d9cf3a27fda5bed307
data/raw/NEU-CLS/NEU-CLS/PS_253.bmp,PS_253.bmp,pitted_surface,3,train,200,200,41078,6d72bd117c879082df1b74f9c3885ecc51ee5a064b10398a7e051ea8be8bb1e1
data/raw/NEU-CLS/NEU-CLS/PS_5.bmp,PS_5.bmp,pitted_surface,3,train,200,200,41078,27f2807d69fc52e42ca754c5f7ae3ae64e38700159480f02d90c404923907a5b
data/raw/NEU-CLS/NEU-CLS/PS_176.bmp,PS_176.bmp,pitted_surface,3,train,200,200,41078,a37af0931bef329ed7dfc876c67887e279baa28dbba38097a3a373145571d4f7
data/raw/NEU-CLS/NEU-CLS/PS_193.bmp,PS_193.bmp,pitted_surface,3,train,200,200,41078,668cc0ab35927aa6dda253fcbf375880d3726244ece92e1bfe18ffd16113ff2c
data/raw/NEU-CLS/NEU-CLS/PS_18.bmp,PS_18.bmp,pitted_surface,3,train,200,200,41078,1802860415bfe0b74229e62827a483a9e3f3850bf23bc4d38c1f21ed5d1f5811
data/raw/NEU-CLS/NEU-CLS/PS_27.bmp,PS_27.bmp,pitted_surface,3,train,200,200,41078,e097c9d7858d7ba2bfd8a5205895f6226cb6025b5941cb664e7b331c6c4b8c7d
data/raw/NEU-CLS/NEU-CLS/PS_54.bmp,PS_54.bmp,pitted_surface,3,train,200,200,41078,61b36e0bded2b87ee4fcc5fcabff05e190119ef0eecac0563e2fca8ffa709b80
data/raw/NEU-CLS/NEU-CLS/PS_211.bmp,PS_211.bmp,pitted_surface,3,train,200,200,41078,6033eab21e83c0f9cb1ba6ddc7640f4ad5650188e646772b98bcacb74a53a93d
data/raw/NEU-CLS/NEU-CLS/PS_245.bmp,PS_245.bmp,pitted_surface,3,train,200,200,41078,c5c1c536064288e8f4a38b59a3e2408841bf2c4e89011f7a47b7acf54c066c38
data/raw/NEU-CLS/NEU-CLS/PS_2.bmp,PS_2.bmp,pitted_surface,3,train,200,200,41078,f900d3cd788fcefe0983e327312043ce29687363c8db22807221a43ec37d9c3c
data/raw/NEU-CLS/NEU-CLS/PS_64.bmp,PS_64.bmp,pitted_surface,3,train,200,200,41078,7609b2a1919b5429b691b03c5415e710b697f8c82194c84dca16c162b2cd5669
data/raw/NEU-CLS/NEU-CLS/PS_140.bmp,PS_140.bmp,pitted_surface,3,train,200,200,41078,e1716313fcfc078221b3e41ad8b65631b5be8eb28d9c330c39772f40ab563e16
data/raw/NEU-CLS/NEU-CLS/PS_163.bmp,PS_163.bmp,pitted_surface,3,train,200,200,41078,e5ae4f2a4edaa584ff6a49f2581093c8903ad4fbe7ac5687e9a91cb64e247662
data/raw/NEU-CLS/NEU-CLS/PS_200.bmp,PS_200.bmp,pitted_surface,3,train,200,200,41078,bb15511d342565ca072993144cf2b890876cdac8fe033347f98bb0d7b2c386e9
data/raw/NEU-CLS/NEU-CLS/PS_249.bmp,PS_249.bmp,pitted_surface,3,train,200,200,41078,dfdbb367d9f0132d86c837982733874f52efcf1301f4ebd8857199e3654114b0
data/raw/NEU-CLS/NEU-CLS/PS_218.bmp,PS_218.bmp,pitted_surface,3,train,200,200,41078,0f97bc5f12dd1a74193ad7472d04ad0e523e6a56136660dd3ceb7822c2d61833
data/raw/NEU-CLS/NEU-CLS/PS_207.bmp,PS_207.bmp,pitted_surface,3,train,200,200,41078,980727d2df4054ca13072faf7c8095266cd48617f73b866b4fd8fc644c23725e
data/raw/NEU-CLS/NEU-CLS/PS_139.bmp,PS_139.bmp,pitted_surface,3,train,200,200,41078,a32f39d84ac89c2a841d80aeb3cab215dd43d9f5014b588fd2cf513700da14a7
data/raw/NEU-CLS/NEU-CLS/PS_287.bmp,PS_287.bmp,pitted_surface,3,train,200,200,41078,073f965544c0e7fbacd65d6c1409cc0516d8ef77e035d58b7a062dd9dea2a1da
data/raw/NEU-CLS/NEU-CLS/PS_278.bmp,PS_278.bmp,pitted_surface,3,train,200,200,41078,436968978dc2c5fc4cdb43ea9b5e7266ccac0ac9783365dff0b0344ec5fd34c2
data/raw/NEU-CLS/NEU-CLS/PS_40.bmp,PS_40.bmp,pitted_surface,3,train,200,200,41078,982a13ae6e19cd56bbf049adbe002d583da963b47e1841811525e6629fafff6c
data/raw/NEU-CLS/NEU-CLS/PS_279.bmp,PS_279.bmp,pitted_surface,3,train,200,200,41078,d9738fc5f12c875e5b27c4b5ec771b2cf7ff318f8b5d0e0cf6038ed625babbce
data/raw/NEU-CLS/NEU-CLS/PS_275.bmp,PS_275.bmp,pitted_surface,3,train,200,200,41078,8a2b2251564d4eb400722df7642a04020f10baebb067c9a11d9098d05f4e6027
data/raw/NEU-CLS/NEU-CLS/PS_103.bmp,PS_103.bmp,pitted_surface,3,train,200,200,41078,f587f2ab609077a6bf5d1d437dc42324e69744045d4472dd701ab0e1e52b4ccd
data/raw/NEU-CLS/NEU-CLS/PS_51.bmp,PS_51.bmp,pitted_surface,3,train,200,200,41078,a0dcfa37eb53a8aded73478807f6b423ac004ad7dece93661949394cd06afc59
data/raw/NEU-CLS/NEU-CLS/PS_61.bmp,PS_61.bmp,pitted_surface,3,train,200,200,41078,3295c0c8807198502825fb58a93c20856bc1c3d0f634be26ff7d43b3580faea1
data/raw/NEU-CLS/NEU-CLS/PS_254.bmp,PS_254.bmp,pitted_surface,3,train,200,200,41078,9bb4ad96675d7e33608780197a8b300a6dd3349f2745d180f3f86ab40b535c5a
data/raw/NEU-CLS/NEU-CLS/PS_151.bmp,PS_151.bmp,pitted_surface,3,train,200,200,41078,876f200c059fcf9b7c1dc0b78a947577108f12ed013cd989498c5f8901a23e87
data/raw/NEU-CLS/NEU-CLS/PS_12.bmp,PS_12.bmp,pitted_surface,3,train,200,200,41078,a141cd68daf59d373a9ba28c613cd793685b3399cb4989d4d54502493ceb4e7e
data/raw/NEU-CLS/NEU-CLS/PS_104.bmp,PS_104.bmp,pitted_surface,3,train,200,200,41078,de36264b884c1c16021fee0a1bf94a3766dd6ff94a980ce09d548051cefc0669
data/raw/NEU-CLS/NEU-CLS/PS_157.bmp,PS_157.bmp,pitted_surface,3,train,200,200,41078,014efe59b3370dc4355d0ba785d786a89ec31b0f04f7eb06e0c51c33304d5591
data/raw/NEU-CLS/NEU-CLS/PS_238.bmp,PS_238.bmp,pitted_surface,3,train,200,200,41078,44135d09db72debf03eed1c780e414189bd079e559f5860092b4091893436b5f
data/raw/NEU-CLS/NEU-CLS/PS_173.bmp,PS_173.bmp,pitted_surface,3,train,200,200,41078,2f776b2438d6a83851ac558d9031b4e822f27ebd299afd50d1bf03a1f9ec8122
data/raw/NEU-CLS/NEU-CLS/PS_269.bmp,PS_269.bmp,pitted_surface,3,train,200,200,41078,ec50137f768aec25476dc66306565f945599a0c5c6f8c9e3b51481e269c07c58
data/raw/NEU-CLS/NEU-CLS/PS_199.bmp,PS_199.bmp,pitted_surface,3,train,200,200,41078,af428588aff5bcfe7b8c7ee0a9a4c17aa84b45e7965e7db08b2b0575eed7e4b7
data/raw/NEU-CLS/NEU-CLS/PS_108.bmp,PS_108.bmp,pitted_surface,3,train,200,200,41078,2e0744f7df9264b4156125fe6a18317515dccbfac0e4b87b0c1485ff70edadfa
data/raw/NEU-CLS/NEU-CLS/PS_237.bmp,PS_237.bmp,pitted_surface,3,train,200,200,41078,14c71a921256eb2a3afd81e022c0c057f739e5254177987956299d01a542e35b
data/raw/NEU-CLS/NEU-CLS/PS_117.bmp,PS_117.bmp,pitted_surface,3,val,200,200,41078,702bf07ce908ccf1e6f44aebaf8d1442e29fc11b61637ba30cf92f0455568ab8
data/raw/NEU-CLS/NEU-CLS/PS_3.bmp,PS_3.bmp,pitted_surface,3,val,200,200,41078,bd1b16c12eeb966c499d4cec81075ce66970fa0b2622e3772208acc0cdaccaff
data/raw/NEU-CLS/NEU-CLS/PS_212.bmp,PS_212.bmp,pitted_surface,3,val,200,200,41078,31d5226831af57d860e423c2e0c186c01087497e090b651b65379b350ab3db96
data/raw/NEU-CLS/NEU-CLS/PS_223.bmp,PS_223.bmp,pitted_surface,3,val,200,200,41078,d6ebe4c3b1bee1d145e7c055b5f9aa89933dc6ed8f288fcab9a46f1fdb84a264
data/raw/NEU-CLS/NEU-CLS/PS_214.bmp,PS_214.bmp,pitted_surface,3,val,200,200,41078,c7798ab6a3bfcb2a97587949d1e2cefa87a1e12da8a78d186b029b6cb2d0163e
data/raw/NEU-CLS/NEU-CLS/PS_161.bmp,PS_161.bmp,pitted_surface,3,val,200,200,41078,0f2a006aea0ed18f147e35ea86b7cf4f410111e4f5e7841a3be55200d22d438b
data/raw/NEU-CLS/NEU-CLS/PS_192.bmp,PS_192.bmp,pitted_surface,3,val,200,200,41078,2f8f2ad1d453d9c285f72b9b7cdf7ebce23d9e660d08ed930146e85311c10234
data/raw/NEU-CLS/NEU-CLS/PS_260.bmp,PS_260.bmp,pitted_surface,3,val,200,200,41078,dc504225f424691d8f157514c37b7bfd79d635d6bed3abd467be0145c2d068e7
data/raw/NEU-CLS/NEU-CLS/PS_93.bmp,PS_93.bmp,pitted_surface,3,val,200,200,41078,3e83cd2f4f40aba40ae7ffd3ee8bac9ccebcb500bfb24fcee657dc7a2cac38d0
data/raw/NEU-CLS/NEU-CLS/PS_258.bmp,PS_258.bmp,pitted_surface,3,val,200,200,41078,6e29f7dc06d179ea0140988e9c0d29fbdd1ab2a51249700b191eca52d4e28e48
data/raw/NEU-CLS/NEU-CLS/PS_206.bmp,PS_206.bmp,pitted_surface,3,val,200,200,41078,8bed843246a1610cce991d770a5977d51176febbb3bd95741bc82c8c3befbe9b
data/raw/NEU-CLS/NEU-CLS/PS_127.bmp,PS_127.bmp,pitted_surface,3,val,200,200,41078,649313f5824b99bce92404e970180dcc49dd08783ea299102490725eaf3dfe96
data/raw/NEU-CLS/NEU-CLS/PS_20.bmp,PS_20.bmp,pitted_surface,3,val,200,200,41078,79f87d549f17b2e64b141280a10156ea4b76d6112ef60d6c67490c82f324a63e
data/raw/NEU-CLS/NEU-CLS/PS_165.bmp,PS_165.bmp,pitted_surface,3,val,200,200,41078,fdcb7877fe066795240cdb42d50440e51158b0a91465ad9a7e6fd8bb71eca536
data/raw/NEU-CLS/NEU-CLS/PS_23.bmp,PS_23.bmp,pitted_surface,3,val,200,200,41078,6f2c898825616f6914146094c332f436b765a3e41e8dccffdb6e641d9465f00f
data/raw/NEU-CLS/NEU-CLS/PS_4.bmp,PS_4.bmp,pitted_surface,3,val,200,200,41078,713fb369f2ef49945d6b48ebd8e0afcd82e773c45967db7b68707c6a3bd79d6b
data/raw/NEU-CLS/NEU-CLS/PS_271.bmp,PS_271.bmp,pitted_surface,3,val,200,200,41078,b659ac603fc2af8942be839ca5c7d58f0927f0693184e8401a28694cbbf111ba
data/raw/NEU-CLS/NEU-CLS/PS_80.bmp,PS_80.bmp,pitted_surface,3,val,200,200,41078,efe804d15e642fc1a0a5218eafdcc847b1858d6ca07911ae9f597f8a74e6a0b3
data/raw/NEU-CLS/NEU-CLS/PS_17.bmp,PS_17.bmp,pitted_surface,3,val,200,200,41078,e99270edb4385ab0c31bd9ebe8cb9417d98bcc463fe55265bb21985c7e748efa
data/raw/NEU-CLS/NEU-CLS/PS_53.bmp,PS_53.bmp,pitted_surface,3,val,200,200,41078,358c3294ad1afa69e894290a9c2b26c01f1126d991638de6833b2a9e6a300d2c
data/raw/NEU-CLS/NEU-CLS/PS_137.bmp,PS_137.bmp,pitted_surface,3,val,200,200,41078,207b3fbfb37c71495069a06e5beb027f72024e81064264919a16d63045cfeb89
data/raw/NEU-CLS/NEU-CLS/PS_112.bmp,PS_112.bmp,pitted_surface,3,val,200,200,41078,f41d1c610dc2e845ac23046da46e4e68b3187a8f719501cab6131a41fcefc360
data/raw/NEU-CLS/NEU-CLS/PS_115.bmp,PS_115.bmp,pitted_surface,3,val,200,200,41078,042591113389d9bdf18a8a7d5557ceb88761c3d096bfa1c32287017c3917091b
data/raw/NEU-CLS/NEU-CLS/PS_59.bmp,PS_59.bmp,pitted_surface,3,val,200,200,41078,6e95479d462c6091428af449c913b872f2f257bd2cb1c246a834dbf4bc19b2b8
data/raw/NEU-CLS/NEU-CLS/PS_29.bmp,PS_29.bmp,pitted_surface,3,val,200,200,41078,d354b9789526cd82967c9900d4b85ae4f98f82517472046c63f347e1875d9dc5
data/raw/NEU-CLS/NEU-CLS/PS_160.bmp,PS_160.bmp,pitted_surface,3,val,200,200,41078,6870cc374a93a415d8bcc4679c8fe1e65a0f4a50a660f8fa140d092a4ffbf08a
data/raw/NEU-CLS/NEU-CLS/PS_6.bmp,PS_6.bmp,pitted_surface,3,val,200,200,41078,49e08cb2ed4b5e5b52adfb41c654c6e064818941f2067c552df8bd0e0686cec0
data/raw/NEU-CLS/NEU-CLS/PS_84.bmp,PS_84.bmp,pitted_surface,3,val,200,200,41078,5624daccd03b7e9c7d4ae058d3fd61553e91327f73a8be05699e2c793a15e2a4
data/raw/NEU-CLS/NEU-CLS/PS_248.bmp,PS_248.bmp,pitted_surface,3,val,200,200,41078,1e7935040def4a61001df0e2b0c4afc5abf7815def1409b96975071288acbed9
data/raw/NEU-CLS/NEU-CLS/PS_150.bmp,PS_150.bmp,pitted_surface,3,val,200,200,41078,2f42d6106ca703ba4af214f486b95b3b14f884a302872a7051cf9641fa1ffd26
data/raw/NEU-CLS/NEU-CLS/PS_224.bmp,PS_224.bmp,pitted_surface,3,val,200,200,41078,d82326faf57afd8ddbc40afa0919b120f6b60f1a4228f6d4863d260e7643dab9
data/raw/NEU-CLS/NEU-CLS/PS_125.bmp,PS_125.bmp,pitted_surface,3,val,200,200,41078,c556766efe9a9eca51eb3365174f10b627ca211f869a021810b296e387d74438
data/raw/NEU-CLS/NEU-CLS/PS_75.bmp,PS_75.bmp,pitted_surface,3,val,200,200,41078,ebc98f74a0f3ae7dc23f39785fdaf1f33bba04906e937eea1533f385582ebc6d
data/raw/NEU-CLS/NEU-CLS/PS_77.bmp,PS_77.bmp,pitted_surface,3,val,200,200,41078,c8b30adf694bdf90d2a8f3c71cd062d2b912333e72d6516b0f55070b1a881324
data/raw/NEU-CLS/NEU-CLS/PS_44.bmp,PS_44.bmp,pitted_surface,3,val,200,200,41078,c0715dbf327c365a27acb062b40d961a704ccf883582bcd661085a844cecf558
data/raw/NEU-CLS/NEU-CLS/PS_98.bmp,PS_98.bmp,pitted_surface,3,val,200,200,41078,020b28d8292c6d467082c10e410265ee5119364c9f46c43aaa6f5d1025510f0e
data/raw/NEU-CLS/NEU-CLS/PS_251.bmp,PS_251.bmp,pitted_surface,3,val,200,200,41078,35b3aee92f158b6f091b5723c7b3438d58a751d1bd35e9a2d57bc269d97ca863
data/raw/NEU-CLS/NEU-CLS/PS_234.bmp,PS_234.bmp,pitted_surface,3,val,200,200,41078,1d7a08dcd7ff40998770f9e379be332f590cca418b4fe2783991b4dc05e56950
data/raw/NEU-CLS/NEU-CLS/PS_243.bmp,PS_243.bmp,pitted_surface,3,val,200,200,41078,b07bc81ae0515cc5a9412981da28b2fd6505a6d5ce85a6a6d47e42c901b08ab6
data/raw/NEU-CLS/NEU-CLS/PS_281.bmp,PS_281.bmp,pitted_surface,3,val,200,200,41078,2011b5611a490b427f1bab8bb5d106700312a38464095b51a8ac59acc04ce944
data/raw/NEU-CLS/NEU-CLS/PS_280.bmp,PS_280.bmp,pitted_surface,3,val,200,200,41078,fb70cdfc9632b6841fe03f40aee51f76ab10e226fa9d8ff8f413f971ce9b4d2d
data/raw/NEU-CLS/NEU-CLS/PS_16.bmp,PS_16.bmp,pitted_surface,3,val,200,200,41078,b080bac5bc222678542dafe6f31d25ebc65198bba340246893008e9faef141d2
data/raw/NEU-CLS/NEU-CLS/PS_41.bmp,PS_41.bmp,pitted_surface,3,val,200,200,41078,71d26c2917bf7c027d39880d86d83a072753d155c9f07a2b32569b9eb55c911f
data/raw/NEU-CLS/NEU-CLS/PS_152.bmp,PS_152.bmp,pitted_surface,3,val,200,200,41078,ee0229c75a1c96c5681c8c0d3ae8b8f9086c605264f1931bc0c53e55da205737
data/raw/NEU-CLS/NEU-CLS/PS_257.bmp,PS_257.bmp,pitted_surface,3,val,200,200,41078,22252b1017977632583b3295a7136c3fa40821fb71b55646a9deef278805daa3
data/raw/NEU-CLS/NEU-CLS/PS_131.bmp,PS_131.bmp,pitted_surface,3,test,200,200,41078,45ec13d9fc94a99e948b7e81832feb0289414ce51b8bd9bc45ad6722ef2b04c2
data/raw/NEU-CLS/NEU-CLS/PS_38.bmp,PS_38.bmp,pitted_surface,3,test,200,200,41078,4197c7959105a32b1b3179614d12de263b72f17b6f5a43d83f834cb7ec7a47bf
data/raw/NEU-CLS/NEU-CLS/PS_229.bmp,PS_229.bmp,pitted_surface,3,test,200,200,41078,c625fe07bfcf09fad14399cc09698597f0bd0e5930d5149fb40b32e4cfb21c8a
data/raw/NEU-CLS/NEU-CLS/PS_231.bmp,PS_231.bmp,pitted_surface,3,test,200,200,41078,6cea51ac747636874a3222fca5927bab6959d5f477b8b0cf5316bd92aad80ba2
data/raw/NEU-CLS/NEU-CLS/PS_205.bmp,PS_205.bmp,pitted_surface,3,test,200,200,41078,ba3bb0188eeacefcd9a0cff1e63e3ddde9fc85752c9728e045cf929cc513aa90
data/raw/NEU-CLS/NEU-CLS/PS_113.bmp,PS_113.bmp,pitted_surface,3,test,200,200,41078,6b350d27ed72c6348bd44e7daed9dbb3052becbe6e87fe5d5045a01161c55bdb
data/raw/NEU-CLS/NEU-CLS/PS_233.bmp,PS_233.bmp,pitted_surface,3,test,200,200,41078,3225083c3ce2ef86e8a7a7f630fccb5d77f22bf0d234cb5b75450b3e5a162765
data/raw/NEU-CLS/NEU-CLS/PS_45.bmp,PS_45.bmp,pitted_surface,3,test,200,200,41078,b923e5a5763a92bbc86effc0ee13fe2c0f1b225af0cb22ed86149674656cefd1
data/raw/NEU-CLS/NEU-CLS/PS_82.bmp,PS_82.bmp,pitted_surface,3,test,200,200,41078,e571b083f0428879aa64a1dd53f232674f63a0bc4c6f63b64325193ffcd7563a
data/raw/NEU-CLS/NEU-CLS/PS_288.bmp,PS_288.bmp,pitted_surface,3,test,200,200,41078,da3777f729ec789fb607f7c0b5d2e5ce46eee3dec9e80fe6f6a0d462760a99bd
data/raw/NEU-CLS/NEU-CLS/PS_10.bmp,PS_10.bmp,pitted_surface,3,test,200,200,41078,64f28d29fb7bfd0e1d644ddbd74c98eacfddddc4bd1453a4f879ae21e47a325b
data/raw/NEU-CLS/NEU-CLS/PS_72.bmp,PS_72.bmp,pitted_surface,3,test,200,200,41078,202f27faa0640a0b5e72b8a9beefe490e2f51df9c5a13bf4a78251c1a64f27ff
data/raw/NEU-CLS/NEU-CLS/PS_133.bmp,PS_133.bmp,pitted_surface,3,test,200,200,41078,d2526c79a9a60a2cec3a37d8f0a388c8f95a8abe76b010a3efa709ab73108827
data/raw/NEU-CLS/NEU-CLS/PS_179.bmp,PS_179.bmp,pitted_surface,3,test,200,200,41078,a96ed8f9779cf8302b868097b0f2c074d49c1f8a95af72a65d7a864325d1c1f6
data/raw/NEU-CLS/NEU-CLS/PS_209.bmp,PS_209.bmp,pitted_surface,3,test,200,200,41078,aebf9f1ab5110dd75d0782a05702cde5aa4625ce50f74d5c9cc9d255ebc74011
data/raw/NEU-CLS/NEU-CLS/PS_171.bmp,PS_171.bmp,pitted_surface,3,test,200,200,41078,c9e713614138c5f3853a7bd9131326089cc4189406791091512f1c79352454af
data/raw/NEU-CLS/NEU-CLS/PS_136.bmp,PS_136.bmp,pitted_surface,3,test,200,200,41078,34c8f15481bc53d6cf86f14ca73cd997311444f9055a07e639ca031a8724cb5c
data/raw/NEU-CLS/NEU-CLS/PS_220.bmp,PS_220.bmp,pitted_surface,3,test,200,200,41078,623a721ec7728ce44ca67331b61d5d20a5929693c6b20f4f4b6e0450faba99e6
data/raw/NEU-CLS/NEU-CLS/PS_197.bmp,PS_197.bmp,pitted_surface,3,test,200,200,41078,8c98243936f78333e19cbefb2655eb360c3dcc32956ec9e0194d0ee482fcdc81
data/raw/NEU-CLS/NEU-CLS/PS_195.bmp,PS_195.bmp,pitted_surface,3,test,200,200,41078,7b1319ca7650cd84e613ce4971d4bfa5f9a1a63874cf47192482d9b652ed26ef
data/raw/NEU-CLS/NEU-CLS/PS_144.bmp,PS_144.bmp,pitted_surface,3,test,200,200,41078,fe5cdcedd9c74c55d91d114ad198b6d37c5ff8b260b7a422d414d504fa9f0a3a
data/raw/NEU-CLS/NEU-CLS/PS_126.bmp,PS_126.bmp,pitted_surface,3,test,200,200,41078,c2d3ca667a198a8005661aba7665ea735360d486a92948c175ab49c9373ab9dd
data/raw/NEU-CLS/NEU-CLS/PS_24.bmp,PS_24.bmp,pitted_surface,3,test,200,200,41078,75d46efe82e3c5801bf61f0a6cd03ee6dbb63e0a069ee59fc33269ba5aec2ce2
data/raw/NEU-CLS/NEU-CLS/PS_297.bmp,PS_297.bmp,pitted_surface,3,test,200,200,41078,92fe4cb117c9c4dfed9bbbd5832a5233a45e44334a4c23a5cafe03215f7da4ed
data/raw/NEU-CLS/NEU-CLS/PS_236.bmp,PS_236.bmp,pitted_surface,3,test,200,200,41078,27022cbf5a12917eee59dc81a63b9793c29ac0a0797b746ab511458d4b407431
data/raw/NEU-CLS/NEU-CLS/PS_32.bmp,PS_32.bmp,pitted_surface,3,test,200,200,41078,1dfe2c9adae718a67e368f352e33d9a915acaf3ca4778b58b255196d0ffaa7e0
data/raw/NEU-CLS/NEU-CLS/PS_36.bmp,PS_36.bmp,pitted_surface,3,test,200,200,41078,8db270b639f373f721f6e76d215aa8ccf0279760582864888be9ccfaca03db60
data/raw/NEU-CLS/NEU-CLS/PS_274.bmp,PS_274.bmp,pitted_surface,3,test,200,200,41078,ee1f3bc0a66d083cf4a93193c9320271bb8b1a91ebd1fed279d156bb6152538a
data/raw/NEU-CLS/NEU-CLS/PS_7.bmp,PS_7.bmp,pitted_surface,3,test,200,200,41078,9269b010f66a170fd51c26d5bd0ad263a05914e11bb52a2ddd23971d66dff18f
data/raw/NEU-CLS/NEU-CLS/PS_202.bmp,PS_202.bmp,pitted_surface,3,test,200,200,41078,6ac7acc3c655a33def0175cc668750544caf3d3800f6a90eeb59911ea32362cb
data/raw/NEU-CLS/NEU-CLS/PS_291.bmp,PS_291.bmp,pitted_surface,3,test,200,200,41078,f6e20099aee4d3e879aed1644b71011161a63ea1d42f16d1d7da7f2683d90ec0
data/raw/NEU-CLS/NEU-CLS/PS_86.bmp,PS_86.bmp,pitted_surface,3,test,200,200,41078,3262fc48b99dba54f14cf2a6e20ad8c5642ed879a6bef8010b275479577ea5fb
data/raw/NEU-CLS/NEU-CLS/PS_153.bmp,PS_153.bmp,pitted_surface,3,test,200,200,41078,26620c37d3ce7b051a27dcc86a061110114f6ba3fea582e56b73af278118ebf2
data/raw/NEU-CLS/NEU-CLS/PS_213.bmp,PS_213.bmp,pitted_surface,3,test,200,200,41078,0befc3b12c9921aa9fc5b9e4eeffbcb7d236e19b188e0b49f00b845633d75753
data/raw/NEU-CLS/NEU-CLS/PS_138.bmp,PS_138.bmp,pitted_surface,3,test,200,200,41078,b02d704252f3b40b3e702dd540199a2d4d25c90ae8254b7fefc0dfc74f488784
data/raw/NEU-CLS/NEU-CLS/PS_239.bmp,PS_239.bmp,pitted_surface,3,test,200,200,41078,eac6335935cc29a9936033450d36695cb5e14c5bee79c3df00d0a62e2b0f6452
data/raw/NEU-CLS/NEU-CLS/PS_89.bmp,PS_89.bmp,pitted_surface,3,test,200,200,41078,7a9000de784663e68a414096f2280f63614a248f910e2363e75bf8ee504ae27f
data/raw/NEU-CLS/NEU-CLS/PS_168.bmp,PS_168.bmp,pitted_surface,3,test,200,200,41078,27c8275c9c3396de7e4f37aa45cdb88d186af021ff9e073127087a7512b5613f
data/raw/NEU-CLS/NEU-CLS/PS_169.bmp,PS_169.bmp,pitted_surface,3,test,200,200,41078,dc76869f71afcb548f7a94510980e229030584fac15c430862e08e873e2e8d8a
data/raw/NEU-CLS/NEU-CLS/PS_123.bmp,PS_123.bmp,pitted_surface,3,test,200,200,41078,34edd4d86921fa50478279c5f34ef9b5bf1a1d52bab91d2046fc2c8b084889af
data/raw/NEU-CLS/NEU-CLS/PS_95.bmp,PS_95.bmp,pitted_surface,3,test,200,200,41078,168a978d2d68bf415705df86b8555b880473bf9ca30db4c884e34d85000099f0
data/raw/NEU-CLS/NEU-CLS/PS_132.bmp,PS_132.bmp,pitted_surface,3,test,200,200,41078,ea34d0d28ce8312c1e1c8811023e7f4bd17ec7ca8cf9b804307daabd516d96a3
data/raw/NEU-CLS/NEU-CLS/PS_55.bmp,PS_55.bmp,pitted_surface,3,test,200,200,41078,f3f4476d773f4e18ff7e4eadc252ff965f9cb95ac72f25bba1acf44a74ba778f
data/raw/NEU-CLS/NEU-CLS/PS_284.bmp,PS_284.bmp,pitted_surface,3,test,200,200,41078,0decf03ecafca9ce40cce2dc21bb4e1cd89d2ad2bfc1a2fa12d0bdaff40a2ec5
data/raw/NEU-CLS/NEU-CLS/PS_129.bmp,PS_129.bmp,pitted_surface,3,test,200,200,41078,07597fb175942eadb3616b18c2a9bd82ee077b241b079d74c8071c124142f978
data/raw/NEU-CLS/NEU-CLS/RS_186.bmp,RS_186.bmp,rolled-in_scale,4,train,200,200,41078,f28e51fbef0fef20d62526afa4717f9f1abfbf1d4bc49194038ded2a4bf6f6c4
data/raw/NEU-CLS/NEU-CLS/RS_159.bmp,RS_159.bmp,rolled-in_scale,4,train,200,200,41078,afb1770c5c057b99e542cedec6203a2e4a62a913182089aba55b138d0c9046d3
data/raw/NEU-CLS/NEU-CLS/RS_97.bmp,RS_97.bmp,rolled-in_scale,4,train,200,200,41078,3e010edf660a0e5ef0959387528fc2b288d27962c784404a335be4d257fd2f4d
data/raw/NEU-CLS/NEU-CLS/RS_217.bmp,RS_217.bmp,rolled-in_scale,4,train,200,200,41078,83266d76dd6898c5bac08efaccb8978005be4982f11aab73dd5b963de08c28cd
data/raw/NEU-CLS/NEU-CLS/RS_83.bmp,RS_83.bmp,rolled-in_scale,4,train,200,200,41078,ac13e23606ea1e2440b2ad2dfd24f9764e0ea0571d38833dd5e32516aa7c3d32
data/raw/NEU-CLS/NEU-CLS/RS_84.bmp,RS_84.bmp,rolled-in_scale,4,train,200,200,41078,285be6f9385a3125d1e533787d263ee77b6d2c5ad6de2759067d5fec38fb89aa
data/raw/NEU-CLS/NEU-CLS/RS_218.bmp,RS_218.bmp,rolled-in_scale,4,train,200,200,41078,f0f2766135500204dfe2c44e0c498ecacc4253c9b3fccebca12fb2fcfc355f75
data/raw/NEU-CLS/NEU-CLS/RS_86.bmp,RS_86.bmp,rolled-in_scale,4,train,200,200,41078,78bcd15351cadc1bccefa8ae81ca45ce99ab123b880e18c97470cd7db5efbeec
data/raw/NEU-CLS/NEU-CLS/RS_209.bmp,RS_209.bmp,rolled-in_scale,4,train,200,200,41078,a936eebca28f0dac6ab9ecf50120d1d21e8bf9aaaba707e159d9139918fb9051
data/raw/NEU-CLS/NEU-CLS/RS_53.bmp,RS_53.bmp,rolled-in_scale,4,train,200,200,41078,1b420125e1572d9d987f477389871efbd7510d53a5c600e38cfc5d468c0da2e2
data/raw/NEU-CLS/NEU-CLS/RS_286.bmp,RS_286.bmp,rolled-in_scale,4,train,200,200,41078,318c74942da99fa6d9a99a76c4d1c9410d215f57bd71e8e98f7d922e07a0cc73
data/raw/NEU-CLS/NEU-CLS/RS_11.bmp,RS_11.bmp,rolled-in_scale,4,train,200,200,41078,67fa13dde770781d0632afdabc7410fa3336da3130e64b6ebdc797f58429a4d6
data/raw/NEU-CLS/NEU-CLS/RS_192.bmp,RS_192.bmp,rolled-in_scale,4,train,200,200,41078,aca5138aafd7dd0a68632b6eb8e025bb6bb13a4221071f12fabf9bd0f4a9c1e0
data/raw/NEU-CLS/NEU-CLS/RS_118.bmp,RS_118.bmp,rolled-in_scale,4,train,200,200,41078,7a838cdabd941bb036c830045d5ee9fd31b1bc888110aa15bf082bc00eb9cddb
data/raw/NEU-CLS/NEU-CLS/RS_300.bmp,RS_300.bmp,rolled-in_scale,4,train,200,200,41078,0877981e4335da5f0b7153a3a097543754a95c66e5a4012e03a389df6c63a5a3
data/raw/NEU-CLS/NEU-CLS/RS_44.bmp,RS_44.bmp,rolled-in_scale,4,train,200,200,41078,32dc258f066523d3b3ef98a9b9ce1971557200015a97d0c595298aae3d3d0b7e
data/raw/NEU-CLS/NEU-CLS/RS_155.bmp,RS_155.bmp,rolled-in_scale,4,train,200,200,41078,a56b080e250ee93165df633c9460bf8470bf2aa1ca01761bece97ace19a996d9
data/raw/NEU-CLS/NEU-CLS/RS_105.bmp,RS_105.bmp,rolled-in_scale,4,train,200,200,41078,9b93da2622402b31f054c0fbb232a98efc72e939bffda1d2b10665dac2eb2f3c
data/raw/NEU-CLS/NEU-CLS/RS_93.bmp,RS_93.bmp,rolled-in_scale,4,train,200,200,41078,6fdd5103808348db62770951de2307b473f46a6ebd3de0f0131a5dd1f3bcc122
data/raw/NEU-CLS/NEU-CLS/RS_31.bmp,RS_31.bmp,rolled-in_scale,4,train,200,200,41078,5cfff580a6cd66bf83a3f804519d81ab7fd95ce63b99e0e44ecb5651178e9374
data/raw/NEU-CLS/NEU-CLS/RS_141.bmp,RS_141.bmp,rolled-in_scale,4,train,200,200,41078,d194531d69619d5138163c775b6accab5fc6f16e1949fa14fbda0166a6bc01af
data/raw/NEU-CLS/NEU-CLS/RS_282.bmp,RS_282.bmp,rolled-in_scale,4,train,200,200,41078,a72884c661dd02e34bd6c57b010a39238df55ce4a3cb6cf6f0d7a865a36accdc
data/raw/NEU-CLS/NEU-CLS/RS_274.bmp,RS_274.bmp,rolled-in_scale,4,train,200,200,41078,7c87f955dc4abc05d9da9029b13c274b30261bab4b39ba4837ffe56d0f1754ca
data/raw/NEU-CLS/NEU-CLS/RS_85.bmp,RS_85.bmp,rolled-in_scale,4,train,200,200,41078,617f90aac9f22afb8d1035465acf318fe1d2f0a85aaf4ffe0ba9b8b958bf2f93
data/raw/NEU-CLS/NEU-CLS/RS_143.bmp,RS_143.bmp,rolled-in_scale,4,train,200,200,41078,e00540591cb95aeb62c9d04431195a7000e47ce16c1be979d2c3f108192d4e6f
data/raw/NEU-CLS/NEU-CLS/RS_87.bmp,RS_87.bmp,rolled-in_scale,4,train,200,200,41078,eaf3cb6991f02882de080fa4a1e8856984edcae732e05616c4552cebd957b9c1
data/raw/NEU-CLS/NEU-CLS/RS_154.bmp,RS_154.bmp,rolled-in_scale,4,train,200,200,41078,fd4df32bf8d6c1c7109b949f4dcf0984f3f43ed5088207f67dccd3f6f8c7cd61
data/raw/NEU-CLS/NEU-CLS/RS_146.bmp,RS_146.bmp,rolled-in_scale,4,train,200,200,41078,ad6dff1834077eb4ac54296ba4d32266635fff3d747355a2fbb90382521463ff
data/raw/NEU-CLS/NEU-CLS/RS_166.bmp,RS_166.bmp,rolled-in_scale,4,train,200,200,41078,7ad2cc32e1b76d4278f6a8a9bbfcf98f5e8ec97cc13691ad82417736d409294f
data/raw/NEU-CLS/NEU-CLS/RS_252.bmp,RS_252.bmp,rolled-in_scale,4,train,200,200,41078,8f7bc59400bdfeb6d5faf22a7e9efff120b3c8e59699026f551d9bb48ef30c3d
data/raw/NEU-CLS/NEU-CLS/RS_210.bmp,RS_210.bmp,rolled-in_scale,4,train,200,200,41078,d8be4613e0d1d8206451b9712eb0fd959c6f21e6aa2104df6d1c96371c783496
data/raw/NEU-CLS/NEU-CLS/RS_259.bmp,RS_259.bmp,rolled-in_scale,4,train,200,200,41078,d62cef485fe1ab5968b9c6918b843e0f7e473096ba6313091d59827371cf33dc
data/raw/NEU-CLS/NEU-CLS/RS_219.bmp,RS_219.bmp,rolled-in_scale,4,train,200,200,41078,c6f9b982dc4ef5d861359730206f130daa9c3cac1afae5fda3f304e7f9b6e8fc
data/raw/NEU-CLS/NEU-CLS/RS_253.bmp,RS_253.bmp,rolled-in_scale,4,train,200,200,41078,9ff84f6fd523e64d2803d2f41eecd6ae47c641ee68193dd87d380997e7f3b469
data/raw/NEU-CLS/NEU-CLS/RS_73.bmp,RS_73.bmp,rolled-in_scale,4,train,200,200,41078,83c854bc88bd6de459cdb1be977c6bde2f5a49cd43cec83f6e43af3827982786
data/raw/NEU-CLS/NEU-CLS/RS_60.bmp,RS_60.bmp,rolled-in_scale,4,train,200,200,41078,4e1097d295431fea631af5595141c03a590e66f75694f6e4c799168864ce6cc2
data/raw/NEU-CLS/NEU-CLS/RS_114.bmp,RS_114.bmp,rolled-in_scale,4,train,200,200,41078,73929979da803a51d7c6a3cacbae19825c887d7d9a3be5c019ebbd5278546aa4
data/raw/NEU-CLS/NEU-CLS/RS_198.bmp,RS_198.bmp,rolled-in_scale,4,train,200,200,41078,2e07cc799ba000b2b92d219a8e553e15e03b9e91240da21de0a5d3afd3f97678
data/raw/NEU-CLS/NEU-CLS/RS_296.bmp,RS_296.bmp,rolled-in_scale,4,train,200,200,41078,3ca7238d8cb5e2bbcdfe5190ff12ba6dced8a32dd93c264cab7cb8028bea58cc
data/raw/NEU-CLS/NEU-CLS/RS_46.bmp,RS_46.bmp,rolled-in_scale,4,train,200,200,41078,74b45fbb7a8c6bf4ff8cd92abb2c060ab4c52747c67d761d78fcf88b04dcbd59
data/raw/NEU-CLS/NEU-CLS/RS_133.bmp,RS_133.bmp,rolled-in_scale,4,train,200,200,41078,933da7b99c4e7b42bff45b08ce3a54632b7f8b86c9edd698f8962d86d3e54ea0
data/raw/NEU-CLS/NEU-CLS/RS_117.bmp,RS_117.bmp,rolled-in_scale,4,train,200,200,41078,858480c54269c1f0a52baa17d0339b6569f84bc36b4c0cc48e5c6a7d036f8d2e
data/raw/NEU-CLS/NEU-CLS/RS_156.bmp,RS_156.bmp,rolled-in_scale,4,train,200,200,41078,a4ac69038bd0c23e1e2ffc996a4487eeac7c79b02db8e019069c47910f5a43ad
data/raw/NEU-CLS/NEU-CLS/RS_65.bmp,RS_65.bmp,rolled-in_scale,4,train,200,200,41078,280c1e493d9db6c6d0638d669a30caa37f2dec23909fd06e38b688cc3ce10fda
data/raw/NEU-CLS/NEU-CLS/RS_160.bmp,RS_160.bmp,rolled-in_scale,4,train,200,200,41078,00e6b75c3ecf2957cba2a6b63c3a0243b003c50846358ee05588695b2841d2e6
data/raw/NEU-CLS/NEU-CLS/RS_179.bmp,RS_179.bmp,rolled-in_scale,4,train,200,200,41078,8f8871df5c5b591a004ff22afaa7b685375a0fe93c17e3e488c220ddf8a6a4e2
data/raw/NEU-CLS/NEU-CLS/RS_91.bmp,RS_91.bmp,rolled-in_scale,4,train,200,200,41078,d8b005436424b15b958675d3da8e5ec2d5bc3aa8aafd43a06cbff0ed10520ed3
data/raw/NEU-CLS/NEU-CLS/RS_242.bmp,RS_242.bmp,rolled-in_scale,4,train,200,200,41078,8f9e2d2af602b752de9b336c2937a47382acc3518c2fba4ac5fa3f288c5d9702
data/raw/NEU-CLS/NEU-CLS/RS_138.bmp,RS_138.bmp,rolled-in_scale,4,train,200,200,41078,fce1d5954095c679a0ab7dca9f8d49debf637370bc4eebd95e6150276c0f68a3
data/raw/NEU-CLS/NEU-CLS/RS_89.bmp,RS_89.bmp,rolled-in_scale,4,train,200,200,41078,d0c7a7cb8494cb32c27da6a96d999aaada46cd8c90414ec853105852fb4bdf88
data/raw/NEU-CLS/NEU-CLS/RS_22.bmp,RS_22.bmp,rolled-in_scale,4,train,200,200,41078,04f961ee2048f2c785cf2f62ab9db2471087bc558e7da51a2388fbb857dcb514
data/raw/NEU-CLS/NEU-CLS/RS_26.bmp,RS_26.bmp,rolled-in_scale,4,train,200,200,41078,b37c11e93012e2a2bf0d7653995bf9002a23a25c8bd87e24309b95e17c006b62
data/raw/NEU-CLS/NEU-CLS/RS_99.bmp,RS_99.bmp,rolled-in_scale,4,train,200,200,41078,88559b2f6601252d9e9aae197fcfeab243f26ad7942ebece9d25e95026975929
data/raw/NEU-CLS/NEU-CLS/RS_176.bmp,RS_176.bmp,rolled-in_scale,4,train,200,200,41078,9cf00360cf631e052e31a505b02d5c25d8c10074ce456002094a79dd0e0019f6
data/raw/NEU-CLS/NEU-CLS/RS_249.bmp,RS_249.bmp,rolled-in_scale,4,train,200,200,41078,8b9ce181e07614d09d5011f2dce79cadaf592a52d87f8c290f32ecf57aa71021
data/raw/NEU-CLS/NEU-CLS/RS_199.bmp,RS_199.bmp,rolled-in_scale,4,train,200,200,41078,ca2b5775fe78859ba13b82bc50c42c8726c3b1b0a2742e713ee584315c4d2369
data/raw/NEU-CLS/NEU-CLS/RS_283.bmp,RS_283.bmp,rolled-in_scale,4,train,200,200,41078,24fc7812c09ec4171ec240545ba496ece5943bd849dd018b976e90489c3138c2
data/raw/NEU-CLS/NEU-CLS/RS_17.bmp,RS_17.bmp,rolled-in_scale,4,train,200,200,41078,133c400fbee8d41886951e843006de2bcb9a05079974f21f351ea7e6e96b4d33
data/raw/NEU-CLS/NEU-CLS/RS_236.bmp,RS_236.bmp,rolled-in_scale,4,train,200,200,41078,867aa3ab4f91320460fd13877932a849a667d4cc2acabff2f31534e500a4e0c2
data/raw/NEU-CLS/NEU-CLS/RS_224.bmp,RS_224.bmp,rolled-in_scale,4,train,200,200,41078,c2a6b70c60add02418b64eb39228380c6a4cd90ec0e00ec4142720c07ee2fbb8
data/raw/NEU-CLS/NEU-CLS/RS_294.bmp,RS_294.bmp,rolled-in_scale,4,train,200,200,41078,cf985bd8a98e09256a484246234c8c2555f3fdae802a7e23b634345b7963cd7a
data/raw/NEU-CLS/NEU-CLS/RS_144.bmp,RS_144.bmp,rolled-in_scale,4,train,200,200,41078,cf879472ec71395c77e53d2e873bf4e6108065f439a1abfa3d11494781ff4328
data/raw/NEU-CLS/NEU-CLS/RS_297.bmp,RS_297.bmp,rolled-in_scale,4,train,200,200,41078,e4167254d73d6f9f8c1d3442e6b7ee82e6d2960b3e9e00f7c5f05d54177a9c26
data/raw/NEU-CLS/NEU-CLS/RS_103.bmp,RS_103.bmp,rolled-in_scale,4,train,200,200,41078,162e7b24c8903dcd12e02a3e212b70fd537ed8db8bed25ec4c588cf1f9c93ac4
data/raw/NEU-CLS/NEU-CLS/RS_124.bmp,RS_124.bmp,rolled-in_scale,4,train,200,200,41078,6b6a10ef1ca10bf1c6fe2ac11c7d6b4e1ba98e8cda169e4bac8f20ad78e38f47
data/raw/NEU-CLS/NEU-CLS/RS_57.bmp,RS_57.bmp,rolled-in_scale,4,train,200,200,41078,3b89392ede04e876a85c2577640605d1980ccc5e55dd1a8931eb180b0c4b45e9
data/raw/NEU-CLS/NEU-CLS/RS_28.bmp,RS_28.bmp,rolled-in_scale,4,train,200,200,41078,6fffaaef4a6da6a4071ec7f9570c295ae93b1c6890cb785462a44948361de42a
data/raw/NEU-CLS/NEU-CLS/RS_110.bmp,RS_110.bmp,rolled-in_scale,4,train,200,200,41078,02f2eb41897648f740693c9fedac40daf009bb596e652bc8e0491b43dad52b7b
data/raw/NEU-CLS/NEU-CLS/RS_50.bmp,RS_50.bmp,rolled-in_scale,4,train,200,200,41078,ee5c0a3b76021ccb6d78aa3b48ca6577a05c06a18bd8651285d9d0c072085308
data/raw/NEU-CLS/NEU-CLS/RS_140.bmp,RS_140.bmp,rolled-in_scale,4,train,200,200,41078,a65f0d8bf220a3615840a2575744049bf812095b407e36e946083da0cf2d8b39
data/raw/NEU-CLS/NEU-CLS/RS_3.bmp,RS_3.bmp,rolled-in_scale,4,train,200,200,41078,ef8c7781dd36252e41818cc3e9b81e8fa4796e156cfa328cf9fd11a252790a9f
data/raw/NEU-CLS/NEU-CLS/RS_221.bmp,RS_221.bmp,rolled-in_scale,4,train,200,200,41078,89dabf5038d7be8febc9954d43c45e91d26e5f832157beeb4658734bfaf57eae
data/raw/NEU-CLS/NEU-CLS/RS_4.bmp,RS_4.bmp,rolled-in_scale,4,train,200,200,41078,cbf50d88e2411a9deba9bded4665376fe03426b799a2f95839f37d0c744b853c
data/raw/NEU-CLS/NEU-CLS/RS_98.bmp,RS_98.bmp,rolled-in_scale,4,train,200,200,41078,50f27ce8df56b375986efb456ab2c627ae8ad2c6398b4d3dd96b087a746f0df2
data/raw/NEU-CLS/NEU-CLS/RS_54.bmp,RS_54.bmp,rolled-in_scale,4,train,200,200,41078,7bb56a296f7fc90b364054fbae05959c822b865f58cfe3e32c0d3871542e4b68
data/raw/NEU-CLS/NEU-CLS/RS_147.bmp,RS_147.bmp,rolled-in_scale,4,train,200,200,41078,d2a7f1006e261ae417db3225127de66b71fa708031a87970f9977d48e2c2676e
data/raw/NEU-CLS/NEU-CLS/RS_287.bmp,RS_287.bmp,rolled-in_scale,4,train,200,200,41078,bb84fd1783017536ea2db397771af5993819a9b165c481bbd9263a256c2d65f2
data/raw/NEU-CLS/NEU-CLS/RS_202.bmp,RS_202.bmp,rolled-in_scale,4,train,200,200,41078,9bd28160ae81174a14e3f145cf1ff5335e3d0f247b6eeeb4cdb466e8ff8de039
data/raw/NEU-CLS/NEU-CLS/RS_30.bmp,RS_30.bmp,rolled-in_scale,4,train,200,200,41078,a2869ca03f082bb86321f3b31ead786f796865dff2bdc40e3e56e38cbde8a13d
data/raw/NEU-CLS/NEU-CLS/RS_180.bmp,RS_180.bmp,rolled-in_scale,4,train,200,200,41078,ecfc6cb559157494b80020160237c510552df37f7f01068b32726a99a3487e43
data/raw/NEU-CLS/NEU-CLS/RS_69.bmp,RS_69.bmp,rolled-in_scale,4,train,200,200,41078,70260b8872b145f7359cf334280e75e050fe152033a4c0faba9f1f67ea072000
data/raw/NEU-CLS/NEU-CLS/RS_136.bmp,RS_136.bmp,rolled-in_scale,4,train,200,200,41078,20c3126ef22a98b97160939ec073d4541945c9ee363f7fe6fbfe770de010a5a3
data/raw/NEU-CLS/NEU-CLS/RS_191.bmp,RS_191.bmp,rolled-in_scale,4,train,200,200,41078,ded7f0cd95574258dde780ba5cbbce74ca678f2f7310e583a8485b22384457d8
data/raw/NEU-CLS/NEU-CLS/RS_126.bmp,RS_126.bmp,rolled-in_scale,4,train,200,200,41078,c471c12fba900fb6975a512a8fd11424c0df7beda17372d0fed6954bca33f903
data/raw/NEU-CLS/NEU-CLS/RS_14.bmp,RS_14.bmp,rolled-in_scale,4,train,200,200,41078,1416fee5b968396b099b04904f178f111232039ab30e0192d79efc3ce7483f26
data/raw/NEU-CLS/NEU-CLS/RS_10.bmp,RS_10.bmp,rolled-in_scale,4,train,200,200,41078,37b99d78a28efd333d3dba52d41b3f1beb198e1f709c9b8089da833aaf3074de
data/raw/NEU-CLS/NEU-CLS/RS_71.bmp,RS_71.bmp,rolled-in_scale,4,train,200,200,41078,cbf2b0aaf6b43cca746547285983bcd38ec54e85e62dc93c6bc6065d46da4e57
data/raw/NEU-CLS/NEU-CLS/RS_272.bmp,RS_272.bmp,rolled-in_scale,4,train,200,200,41078,8a4d9fcf8a3cbab4fe20f0af2433cc92b1720a9b64845e895312678f07e30c8a
data/raw/NEU-CLS/NEU-CLS/RS_74.bmp,RS_74.bmp,rolled-in_scale,4,train,200,200,41078,b6ad9a655581a078ad4f9da1bdab76ae1bfd98dd64d771e453fb90a0f9b231ab
data/raw/NEU-CLS/NEU-CLS/RS_111.bmp,RS_111.bmp,rolled-in_scale,4,train,200,200,41078,2ab327e4663788667a771f2ad3afb77aab5bbed7155a20d2dbc91834e6794788
data/raw/NEU-CLS/NEU-CLS/RS_119.bmp,RS_119.bmp,rolled-in_scale,4,train,200,200,41078,242e868621f4d17f4e996dbac8114537aa06ef61b0d29d5e19ca6461cea59ad2
data/raw/NEU-CLS/NEU-CLS/RS_128.bmp,RS_128.bmp,rolled-in_scale,4,train,200,200,41078,5b93bd7d0d4f102631b95d3510db9819e1bf27d3b7219e1744c75047c4ada7a1
data/raw/NEU-CLS/NEU-CLS/RS_8.bmp,RS_8.bmp,rolled-in_scale,4,train,200,200,41078,eafa9fe71dcbcc57ae3f234610e253a6d19961bbcfd507be793d7daf525d450a
data/raw/NEU-CLS/NEU-CLS/RS_2.bmp,RS_2.bmp,rolled-in_scale,4,train,200,200,41078,7f4f222218595461c7b00c03b02bc7e44ec65457516c90dee75a3cdcc280756d
data/raw/NEU-CLS/NEU-CLS/RS_188.bmp,RS_188.bmp,rolled-in_scale,4,train,200,200,41078,9b4e0d042909b74cca4787a8f17a1a78c30e5ad4e7400fe0a10aa477f2139618
data/raw/NEU-CLS/NEU-CLS/RS_25.bmp,RS_25.bmp,rolled-in_scale,4,train,200,200,41078,124ff0d96f5d0e171f1bd84ef5684db6707652bf1a0fa783141055d4d6ced8eb
data/raw/NEU-CLS/NEU-CLS/RS_1.bmp,RS_1.bmp,rolled-in_scale,4,train,200,200,41078,ac18bdd3b8e8b4ea5affe414fdb22bc0c50f1c32ef5668b969deacec7d701447
data/raw/NEU-CLS/NEU-CLS/RS_61.bmp,RS_61.bmp,rolled-in_scale,4,train,200,200,41078,4a0e187ad20d0b3ef727d0c985e338bac34f01fa2a5ebb663b5f106a948c3c1d
data/raw/NEU-CLS/NEU-CLS/RS_115.bmp,RS_115.bmp,rolled-in_scale,4,train,200,200,41078,4a72d7102aaef16bcc187481346b1a728c045d52226948801bdd9fd50fa49b9d
data/raw/NEU-CLS/NEU-CLS/RS_77.bmp,RS_77.bmp,rolled-in_scale,4,train,200,200,41078,ffbc04962b43f08b49a3f453160a1b3079476187bcbe78f62223a5c6cec240ba
data/raw/NEU-CLS/NEU-CLS/RS_240.bmp,RS_240.bmp,rolled-in_scale,4,train,200,200,41078,7a19cb859ee97266408a3fb2bac27dca5aa24afbe8aaa0ecb0a887fda61a9e6b
data/raw/NEU-CLS/NEU-CLS/RS_81.bmp,RS_81.bmp,rolled-in_scale,4,train,200,200,41078,f585e560d361eb26af9bc7e356ba4d30701bbd79b861c38c555ec808d807a6a0
data/raw/NEU-CLS/NEU-CLS/RS_289.bmp,RS_289.bmp,rolled-in_scale,4,train,200,200,41078,34f2c3fead42d7df46dfe916999a1dfa7f1c5fff5a2cad9c73697fb1abf5a439
data/raw/NEU-CLS/NEU-CLS/RS_229.bmp,RS_229.bmp,rolled-in_scale,4,train,200,200,41078,14b38215d12049ff68ded0a27bfd4a81015fa184d15b8ab4368b52df731e4713
data/raw/NEU-CLS/NEU-CLS/RS_215.bmp,RS_215.bmp,rolled-in_scale,4,train,200,200,41078,654304fd85653c188f9664456278d256c0b0d34c1a0e872996423898b0c157db
data/raw/NEU-CLS/NEU-CLS/RS_263.bmp,RS_263.bmp,rolled-in_scale,4,train,200,200,41078,0dbd6deaff7ab0a5335564594ccdf5af768bf7f85c8b4474330c11a7478d5ffa
data/raw/NEU-CLS/NEU-CLS/RS_62.bmp,RS_62.bmp,rolled-in_scale,4,train,200,200,41078,4bf0a877902320dd5bfef1cd2c56a61b02a756e58a9f045e3bf77fc14a3d1948
data/raw/NEU-CLS/NEU-CLS/RS_226.bmp,RS_226.bmp,rolled-in_scale,4,train,200,200,41078,6c8b89c751c9fe5f7f5e153d7bcc7fac1b78eb4c2b315ae943aa1da03dd421a2
data/raw/NEU-CLS/NEU-CLS/RS_122.bmp,RS_122.bmp,rolled-in_scale,4,train,200,200,41078,f397fcddcc6e85139ca8366b2cc06d3ee489364d5b9f31009abe6a0b91ed4965
data/raw/NEU-CLS/NEU-CLS/RS_164.bmp,RS_164.bmp,rolled-in_scale,4,train,200,200,41078,6ee92beb05d42e0f9b8e36f790de5bd73d938eb10a04978d9efdab8b83c33c47
data/raw/NEU-CLS/NEU-CLS/RS_201.bmp,RS_201.bmp,rolled-in_scale,4,train,200,200,41078,19c2cd8e3dae20343d638c6a8b1ef4eb16b248234434d5dfb2ad1f9f61f5095f
data/raw/NEU-CLS/NEU-CLS/RS_52.bmp,RS_52.bmp,rolled-in_scale,4,train,200,200,41078,3e3e36dbc1749ef707b48d81add351968991b206b06fa30bf2fd01d7c1441426
data/raw/NEU-CLS/NEU-CLS/RS_213.bmp,RS_213.bmp,rolled-in_scale,4,train,200,200,41078,1943e7528deeef7685edd6b951c20b166d8a722b6e321d01cecc4dfd63bfdb1f
data/raw/NEU-CLS/NEU-CLS/RS_293.bmp,RS_293.bmp,rolled-in_scale,4,train,200,200,41078,1bec49b53df0deab5aa04786507e1e473ba6e62e42735b22584ab64cd5ec9826
data/raw/NEU-CLS/NEU-CLS/RS_19.bmp,RS_19.bmp,rolled-in_scale,4,train,200,200,41078,8a3d9b12732b241934029810678dcda5497cd037f3bbb2ae0a537e415215cd42
data/raw/NEU-CLS/NEU-CLS/RS_257.bmp,RS_257.bmp,rolled-in_scale,4,train,200,200,41078,920e482bc44155bbc1d09f50428967b75aca0f9c35c128639edb99414b93d5f1
data/raw/NEU-CLS/NEU-CLS/RS_100.bmp,RS_100.bmp,rolled-in_scale,4,train,200,200,41078,418b8f095e119f1be4e25ce9336adf42872b15d4833f90bbceb5c7aca53eb132
data/raw/NEU-CLS/NEU-CLS/RS_168.bmp,RS_168.bmp,rolled-in_scale,4,train,200,200,41078,2148d7466b76359e65964ae3743f6f93f6afe7a9e9b694c58cfb1b5b67d6ec8d
data/raw/NEU-CLS/NEU-CLS/RS_172.bmp,RS_172.bmp,rolled-in_scale,4,train,200,200,41078,8d4025f5dab1b4acdee6db77cda7b124317e7ffa15fdad284285b7f505b3f6ee
data/raw/NEU-CLS/NEU-CLS/RS_173.bmp,RS_173.bmp,rolled-in_scale,4,train,200,200,41078,1dbb078f4e32b3074b3ac275481e3b91071e7c4d161380c84f1101bf8a6e3024
data/raw/NEU-CLS/NEU-CLS/RS_260.bmp,RS_260.bmp,rolled-in_scale,4,train,200,200,41078,93821515507925a43c83726d06507807cc4067e960b9f5994522f797b7dffff5
data/raw/NEU-CLS/NEU-CLS/RS_175.bmp,RS_175.bmp,rolled-in_scale,4,train,200,200,41078,fd011a2d8e59c582c4655236712ee5dac63d1c2a6d0941a786d4f002cfe58d60
data/raw/NEU-CLS/NEU-CLS/RS_244.bmp,RS_244.bmp,rolled-in_scale,4,train,200,200,41078,858e8c51d6131dd58dd15eaab585fca302084686c5f9eadb58580094c017545d
data/raw/NEU-CLS/NEU-CLS/RS_151.bmp,RS_151.bmp,rolled-in_scale,4,train,200,200,41078,47b4fa88698862949ec96d5995675b04bf317bb23932af21fef6789f341c7365
data/raw/NEU-CLS/NEU-CLS/RS_194.bmp,RS_194.bmp,rolled-in_scale,4,train,200,200,41078,fcc651c75e66b3efb2dc3175b3b4d4fa21cee3ec126071b7e4a141169933e708
data/raw/NEU-CLS/NEU-CLS/RS_197.bmp,RS_197.bmp,rolled-in_scale,4,train,200,200,41078,14acd1886fe07386b3535ce2cd4a31e48d5ab227ed8ad6458f97a408daa55058
data/raw/NEU-CLS/NEU-CLS/RS_72.bmp,RS_72.bmp,rolled-in_scale,4,train,200,200,41078,a1d62e7b1b5be3ef99cc04b1db2918d1b6ed70c6e6c5db1f52407a87c1097c3a
data/raw/NEU-CLS/NEU-CLS/RS_27.bmp,RS_27.bmp,rolled-in_scale,4,train,200,200,41078,fe8738323c8ba3f70fce06a2dd9223cecb59f01741d1a30d4960638b8f119ce9
data/raw/NEU-CLS/NEU-CLS/RS_142.bmp,RS_142.bmp,rolled-in_scale,4,train,200,200,41078,2bb15a787b5c634cd23565d7e3d9e5be5bcecf269f91cfe6f6768386bc313c7a
data/raw/NEU-CLS/NEU-CLS/RS_162.bmp,RS_162.bmp,rolled-in_scale,4,train,200,200,41078,f657b5d0f608142bfbe31df43ea586393763f4a998a3c47f57ae4ce044b1c551
data/raw/NEU-CLS/NEU-CLS/RS_67.bmp,RS_67.bmp,rolled-in_scale,4,train,200,200,41078,da62f5e5a84dd8dd29308b2e6bfb90a692919b0d8f633d4ea64dd9831d066aa5
data/raw/NEU-CLS/NEU-CLS/RS_112.bmp,RS_112.bmp,rolled-in_scale,4,train,200,200,41078,34e63b8b3e1efbc5c5dbb74daee5935909ae133a03a8c328dbea4af0c86134df
data/raw/NEU-CLS/NEU-CLS/RS_181.bmp,RS_181.bmp,rolled-in_scale,4,train,200,200,41078,9e9c019ab44bf33d2a13454024defad4f0a5b5d6008fc8fbe54cbd54e3ed1be2
data/raw/NEU-CLS/NEU-CLS/RS_66.bmp,RS_66.bmp,rolled-in_scale,4,train,200,200,41078,ed1afb921bcde202094ede97b1d58ed9f5405544deb472b63aa415ca4f4b1760
data/raw/NEU-CLS/NEU-CLS/RS_23.bmp,RS_23.bmp,rolled-in_scale,4,train,200,200,41078,13dc7d8d21c457d7a1f7f9c04f960eee08c8dfefda567cb75320cd248278536d
data/raw/NEU-CLS/NEU-CLS/RS_182.bmp,RS_182.bmp,rolled-in_scale,4,train,200,200,41078,388fec1c633b2e306363002f7e3b1af688284b8c14a44fe2838d9d1bd1854203
data/raw/NEU-CLS/NEU-CLS/RS_239.bmp,RS_239.bmp,rolled-in_scale,4,train,200,200,41078,a974563d2393d7ae3b279cd7890fe1a5963d9f27ecb1a5196a1c85bbc6d4befc
data/raw/NEU-CLS/NEU-CLS/RS_70.bmp,RS_70.bmp,rolled-in_scale,4,train,200,200,41078,597c6ee266cf59c2d5265b3951aa89832104b850321ac629b2038ee6f7f60973
data/raw/NEU-CLS/NEU-CLS/RS_200.bmp,RS_200.bmp,rolled-in_scale,4,train,200,200,41078,c765c9da3d336c892bf012154f7b3eee6929796d1b275917340910ea43c23090
data/raw/NEU-CLS/NEU-CLS/RS_149.bmp,RS_149.bmp,rolled-in_scale,4,train,200,200,41078,34ada5da573b5a3f8962950e3bb35b3db8f7e0515bb5c42c352f9ced546f3ba1
data/raw/NEU-CLS/NEU-CLS/RS_234.bmp,RS_234.bmp,rolled-in_scale,4,train,200,200,41078,de65b48774f80a872be1c87592b798f3b5c87747e0aa8885b72e02ed7799c2f8
data/raw/NEU-CLS/NEU-CLS/RS_9.bmp,RS_9.bmp,rolled-in_scale,4,train,200,200,41078,0fdb07015d3ef8bd0db23d7f0f05b20ca5982256f7c26483bf76638aa2c10133
data/raw/NEU-CLS/NEU-CLS/RS_163.bmp,RS_163.bmp,rolled-in_scale,4,train,200,200,41078,348c99fd89bb691770e4434690fe7fdb8fc7b133f460617e914df5a5ac8add57
data/raw/NEU-CLS/NEU-CLS/RS_247.bmp,RS_247.bmp,rolled-in_scale,4,train,200,200,41078,bd93adcd3f6a3e08c1ea997f61d120923fe000ddfa6a5364747c803139a82596
data/raw/NEU-CLS/NEU-CLS/RS_211.bmp,RS_211.bmp,rolled-in_scale,4,train,200,200,41078,fedfa591ec93bba6688bd1fbea7d3a2d4574e1dc58a3d758babcb3da9216f147
data/raw/NEU-CLS/NEU-CLS/RS_64.bmp,RS_64.bmp,rolled-in_scale,4,train,200,200,41078,462ebfd81c68f3e24e8b4dde7c441edf5fd78b21c5a2016bac65874c384f78d3
data/raw/NEU-CLS/NEU-CLS/RS_82.bmp,RS_82.bmp,rolled-in_scale,4,train,200,200,41078,4cfcde7dc942945ef48cef81f3e4a20a361ec663ec65aef6220ebe4ef57f38f3
data/raw/NEU-CLS/NEU-CLS/RS_134.bmp,RS_134.bmp,rolled-in_scale,4,train,200,200,41078,bfcc9e107c6ea51623a604bf5f52e7e77fd96ed663e32995e4ba9f098ee08ddb
data/raw/NEU-CLS/NEU-CLS/RS_196.bmp,RS_196.bmp,rolled-in_scale,4,train,200,200,41078,cc469feadf07303510775667f18cef2d8a26b7eab27de732f7ae6ddc9c21cebb
data/raw/NEU-CLS/NEU-CLS/RS_299.bmp,RS_299.bmp,rolled-in_scale,4,train,200,200,41078,ff4212a31f11ce7d31805bd9b44ab4af9409bdb896c09b7b61010441e90bffe6
data/raw/NEU-CLS/NEU-CLS/RS_38.bmp,RS_38.bmp,rolled-in_scale,4,train,200,200,41078,12522d73bd1e15d5dba50eb352c11fbd51195e47cbeac13f30f9f07b2b9a5f71
data/raw/NEU-CLS/NEU-CLS/RS_269.bmp,RS_269.bmp,rolled-in_scale,4,train,200,200,41078,cfbf75796f61c9087f6083f92a49868f1a2c28f20475236bed114607c5d49e80
data/raw/NEU-CLS/NEU-CLS/RS_189.bmp,RS_189.bmp,rolled-in_scale,4,train,200,200,41078,deb259392633484f3b9b0dd2b6063b95edd0d9419ef8e2e0814d2f5e56e3252a
data/raw/NEU-CLS/NEU-CLS/RS_13.bmp,RS_13.bmp,rolled-in_scale,4,train,200,200,41078,490704b95a78b570069f76e5a3053f8ab2fe241411df48c3fe1f68b43306631c
data/raw/NEU-CLS/NEU-CLS/RS_270.bmp,RS_270.bmp,rolled-in_scale,4,train,200,200,41078,986844a740cefffe530bb70414cf3d5be9cc1f7719ce71ec0b3f179700e97581
data/raw/NEU-CLS/NEU-CLS/RS_153.bmp,RS_153.bmp,rolled-in_scale,4,train,200,200,41078,6b7a3282811f9968897ddac3c50fa4316bfdf779f0ff170242e68fada8050623
data/raw/NEU-CLS/NEU-CLS/RS_48.bmp,RS_48.bmp,rolled-in_scale,4,train,200,200,41078,1223c268a797dc615dc0010c8aee9914490eabaf7bd3a615e19d3aba3a31b4c1
data/raw/NEU-CLS/NEU-CLS/RS_262.bmp,RS_262.bmp,rolled-in_scale,4,train,200,200,41078,66f17ac59607dbc0b74b61179a280aacc8eb5c8975b892290494f9680d5a5681
data/raw/NEU-CLS/NEU-CLS/RS_212.bmp,RS_212.bmp,rolled-in_scale,4,train,200,200,41078,f00c4533a6400c77c7857da49445082077a701aa311aef0c0afd94726ce0e7a2
data/raw/NEU-CLS/NEU-CLS/RS_251.bmp,RS_251.bmp,rolled-in_scale,4,train,200,200,41078,ba318f54c3c64e7866f682058d635e78d7d6e9b72e2080b0cf0b317d8a0b725c
data/raw/NEU-CLS/NEU-CLS/RS_107.bmp,RS_107.bmp,rolled-in_scale,4,train,200,200,41078,27cb52ee0052f1b5350359f98fc89b28a4cdd8fb64d46a90a456290376dae1ee
data/raw/NEU-CLS/NEU-CLS/RS_68.bmp,RS_68.bmp,rolled-in_scale,4,train,200,200,41078,82a02ce79e6d0d0718ee0ce1752a282232839ac7f9f4e6d14472ded50b273735
data/raw/NEU-CLS/NEU-CLS/RS_5.bmp,RS_5.bmp,rolled-in_scale,4,train,200,200,41078,ff87634bc8f3843a174c06e7512aec912c6fda5e59b47f909d0a5e8649e7b1ac
data/raw/NEU-CLS/NEU-CLS/RS_291.bmp,RS_291.bmp,rolled-in_scale,4,train,200,200,41078,30afa891c7d816f77d69a080b56385540d799d9068a649da187c71eb782abd9e
data/raw/NEU-CLS/NEU-CLS/RS_193.bmp,RS_193.bmp,rolled-in_scale,4,train,200,200,41078,ff15b2ee976bb921f6dcd10be1849b219be8df79de64e1d21bc84564b88b15b0
data/raw/NEU-CLS/NEU-CLS/RS_169.bmp,RS_169.bmp,rolled-in_scale,4,train,200,200,41078,ab9d8f76a75429e25b6b26c67c084c7d87e4896c2c977408cc3505ec6f68fb40
data/raw/NEU-CLS/NEU-CLS/RS_92.bmp,RS_92.bmp,rolled-in_scale,4,train,200,200,41078,b3af43db4609eb104bf0b276a42a8f6b092640545b1701476b34a18ffed421c9
data/raw/NEU-CLS/NEU-CLS/RS_245.bmp,RS_245.bmp,rolled-in_scale,4,train,200,200,41078,cf587b2fec5aa67990e35a27cef1180986a3dadf3bbba51faa3d8e03aea40344
data/raw/NEU-CLS/NEU-CLS/RS_113.bmp,RS_113.bmp,rolled-in_scale,4,train,200,200,41078,b61fb4ea4f33a01f0fbe7c15c45551dec1247fb536704c512ef990d1ce7324ce
data/raw/NEU-CLS/NEU-CLS/RS_45.bmp,RS_45.bmp,rolled-in_scale,4,train,200,200,41078,d29bc8ba640258c5e1d9660916eb94d92eb02232cd810cbcfafb5879b9eb0bab
data/raw/NEU-CLS/NEU-CLS/RS_15.bmp,RS_15.bmp,rolled-in_scale,4,train,200,200,41078,81b932c938f4cde6b92f9c93eeef319dc2b5a6e01df02612db64f9dcb110c2bc
data/raw/NEU-CLS/NEU-CLS/RS_24.bmp,RS_24.bmp,rolled-in_scale,4,train,200,200,41078,8fd2b6ca8d4d54c3ff38ad997b01ebcc191590027db856cb2258a310788ee71e
data/raw/NEU-CLS/NEU-CLS/RS_34.bmp,RS_34.bmp,rolled-in_scale,4,train,200,200,41078,6b8b04398d1069e4086e2daf0872755e955e21f76ba8547e5a8ea551cedd6f88
data/raw/NEU-CLS/NEU-CLS/RS_228.bmp,RS_228.bmp,rolled-in_scale,4,train,200,200,41078,358a040d15d17aa4653e1ed45fc292d182f2b4e4ee2f6f522242786a0d0047f9
data/raw/NEU-CLS/NEU-CLS/RS_63.bmp,RS_63.bmp,rolled-in_scale,4,train,200,200,41078,83bf57796aaaf301bd1c89abc9cfdccf3d3a6c9e9a5628486a4d0cd200dc800b
data/raw/NEU-CLS/NEU-CLS/RS_104.bmp,RS_104.bmp,rolled-in_scale,4,train,200,200,41078,ee317cb4439ac58ce0fc0e56a194aa7ba4597250b47f102a0961da29b53604cc
data/raw/NEU-CLS/NEU-CLS/RS_207.bmp,RS_207.bmp,rolled-in_scale,4,train,200,200,41078,d94a8b46d3a61b267d4ce9b066e92d9c95dd7f90bb5a3b8c445ec0d363eb06c5
data/raw/NEU-CLS/NEU-CLS/RS_152.bmp,RS_152.bmp,rolled-in_scale,4,train,200,200,41078,51d6bc13a08e0f9fef8af3cde4aebe71cdd282f1a3d86ce080f3b47eb2b19ba6
data/raw/NEU-CLS/NEU-CLS/RS_279.bmp,RS_279.bmp,rolled-in_scale,4,train,200,200,41078,1999920d36d4dcde2045f39ee9c7d313308ff1f3e134f5a03516e9b50c6e9eee
data/raw/NEU-CLS/NEU-CLS/RS_123.bmp,RS_123.bmp,rolled-in_scale,4,train,200,200,41078,0ba8a96aac663471010dc92692f23b91737a927f9cd81cced7a4692052305fda
data/raw/NEU-CLS/NEU-CLS/RS_185.bmp,RS_185.bmp,rolled-in_scale,4,train,200,200,41078,dd6ad651fcaac7580776b2dfa37a8bd0c1e18bddafc650f68b5dffd23e4b12f6
data/raw/NEU-CLS/NEU-CLS/RS_246.bmp,RS_246.bmp,rolled-in_scale,4,train,200,200,41078,55452325d26be2e8f110d6446e880c8fbb1e67af71ece99809f58b5938c55ef3
data/raw/NEU-CLS/NEU-CLS/RS_59.bmp,RS_59.bmp,rolled-in_scale,4,train,200,200,41078,622f6bacd47efbfe2a50889c8a3ed2cf653ae1095dc740205a18598c2593d348
data/raw/NEU-CLS/NEU-CLS/RS_233.bmp,RS_233.bmp,rolled-in_scale,4,train,200,200,41078,6a951cc351b414e5210b9d479e146ce74fb519ea15195e9c38f2837726e9c328
data/raw/NEU-CLS/NEU-CLS/RS_288.bmp,RS_288.bmp,rolled-in_scale,4,train,200,200,41078,438c6737c8efd85989586a42f48478f252f4e69805c1e3ad5080bb959ce1aaa2
data/raw/NEU-CLS/NEU-CLS/RS_267.bmp,RS_267.bmp,rolled-in_scale,4,train,200,200,41078,85c1be632e1fdec7e9714dfe0cd90eb28fb7f09765796d780c792c31610c68e2
data/raw/NEU-CLS/NEU-CLS/RS_278.bmp,RS_278.bmp,rolled-in_scale,4,train,200,200,41078,746b3a9c20e1d7813394e2ff996cad463074ada2f17bc80ba42ac080dc01994b
data/raw/NEU-CLS/NEU-CLS/RS_184.bmp,RS_184.bmp,rolled-in_scale,4,train,200,200,41078,5e93610b89636ff2b3b58428a154392b9c9e9765fda36f68945552d96dda840e
data/raw/NEU-CLS/NEU-CLS/RS_203.bmp,RS_203.bmp,rolled-in_scale,4,train,200,200,41078,ef5e64d02c80519f9e3e5cb6b63270e284b1422b15430dc24abdf2bdf81b605a
data/raw/NEU-CLS/NEU-CLS/RS_127.bmp,RS_127.bmp,rolled-in_scale,4,train,200,200,41078,9bbe977ab8a6afefa8828242a71cbcb1f5720b634802d5b4f5f45e1d5cfe39a5
data/raw/NEU-CLS/NEU-CLS/RS_222.bmp,RS_222.bmp,rolled-in_scale,4,train,200,200,41078,368ae9d1955ad1501caf33b370aa707c028769400aa598f5a7c642d810fafc67
data/raw/NEU-CLS/NEU-CLS/RS_16.bmp,RS_16.bmp,rolled-in_scale,4,train,200,200,41078,a50d65ff5d880b0e6acc8461d24657d06f149b99526e7c7fe2267ac0ac5942f6
data/raw/NEU-CLS/NEU-CLS/RS_101.bmp,RS_101.bmp,rolled-in_scale,4,train,200,200,41078,f54d17cec11ce0c7b0f3e5905b00bfb1ca4dc21aa9c09d08ae9cc8e87661b87c
data/raw/NEU-CLS/NEU-CLS/RS_277.bmp,RS_277.bmp,rolled-in_scale,4,train,200,200,41078,4954200f5804b5e86f52ed87b5116d8812e113d4a28a445313b26029fbd40625
data/raw/NEU-CLS/NEU-CLS/RS_36.bmp,RS_36.bmp,rolled-in_scale,4,train,200,200,41078,fef32cf374c584af61b80990fb77539a33cd74e696c77d3d2b7656a4df74e97d
data/raw/NEU-CLS/NEU-CLS/RS_298.bmp,RS_298.bmp,rolled-in_scale,4,train,200,200,41078,4f23be4ca030a7feffbf98ce7737b61bbde49e2d997b6d75c068a09b752e1b61
data/raw/NEU-CLS/NEU-CLS/RS_227.bmp,RS_227.bmp,rolled-in_scale,4,train,200,200,41078,779893fa431073131616a3524f47ee74aa095ea82eaee6e59194ac9f6effc991
data/raw/NEU-CLS/NEU-CLS/RS_76.bmp,RS_76.bmp,rolled-in_scale,4,train,200,200,41078,5379fd8f8164c17ffc8d3d3ef28d1164f661f128deb2cd905fa38dbded892fd0
data/raw/NEU-CLS/NEU-CLS/RS_254.bmp,RS_254.bmp,rolled-in_scale,4,train,200,200,41078,081bdfbdda4b6dd02537153d9e344fedb300067d9b7ac6687fad531a039022a1
data/raw/NEU-CLS/NEU-CLS/RS_266.bmp,RS_266.bmp,rolled-in_scale,4,train,200,200,41078,2b5016ab4e5112d9cea76a6d4f59016f325d42e779b8b0ae8578456981b3e9cb
data/raw/NEU-CLS/NEU-CLS/RS_56.bmp,RS_56.bmp,rolled-in_scale,4,train,200,200,41078,fd080e7f2de03f1bb1d7a36fed56713d17a3110ea1c7e1f9cf6f32c7bed9126f
data/raw/NEU-CLS/NEU-CLS/RS_150.bmp,RS_150.bmp,rolled-in_scale,4,train,200,200,41078,dcb7548936ef46eccaaaabdf0a15f84330b0714abcc74fc09821fd78cda02ff7
data/raw/NEU-CLS/NEU-CLS/RS_55.bmp,RS_55.bmp,rolled-in_scale,4,train,200,200,41078,0b503af6b7c986305c00ceef5ee3d7d47a5b1605803c1439ec4992b4d3d31812
data/raw/NEU-CLS/NEU-CLS/RS_131.bmp,RS_131.bmp,rolled-in_scale,4,train,200,200,41078,a706bdfcac0e04c11e8f18d737dc54c0e5b3d209d19f07a96e5d14e5eb5cfb8d
data/raw/NEU-CLS/NEU-CLS/RS_116.bmp,RS_116.bmp,rolled-in_scale,4,train,200,200,41078,a28288d7efb6bedc66f8020d44940388d3bd5bcf97846f2bd0272180dfdeca1f
data/raw/NEU-CLS/NEU-CLS/RS_206.bmp,RS_206.bmp,rolled-in_scale,4,train,200,200,41078,1c50ae110e1a789e87d6dba2b7a4a1073bac282482708ec195302005ab200390
data/raw/NEU-CLS/NEU-CLS/RS_125.bmp,RS_125.bmp,rolled-in_scale,4,train,200,200,41078,2bbdbd603671e9737d880689a8c3890913c51a153210b63099f718009b746975
data/raw/NEU-CLS/NEU-CLS/RS_284.bmp,RS_284.bmp,rolled-in_scale,4,train,200,200,41078,698c18151d4f0281e4d8fadc12cf03eee589b478b500d506721b22d4b6d68747
data/raw/NEU-CLS/NEU-CLS/RS_177.bmp,RS_177.bmp,rolled-in_scale,4,train,200,200,41078,0ccb5714480fecd79a34c7bd92fa6b35d5a6118fa234a921ce78b65211425774
data/raw/NEU-CLS/NEU-CLS/RS_33.bmp,RS_33.bmp,rolled-in_scale,4,train,200,200,41078,aaa29806a76d79935fd3b2bb194da4a6c37aaf752ad57d4aee1f47fa98da1534
data/raw/NEU-CLS/NEU-CLS/RS_35.bmp,RS_35.bmp,rolled-in_scale,4,val,200,200,41078,ae62be52e21fb5c8cc1abb35798d69cb632e150c24789833bb7b93efe4e6e0bf
data/raw/NEU-CLS/NEU-CLS/RS_285.bmp,RS_285.bmp,rolled-in_scale,4,val,200,200,41078,342c17193bb9976e1b2b2cdf4b5acae3a00fda7189e37aafe3450a171dc21584
data/raw/NEU-CLS/NEU-CLS/RS_95.bmp,RS_95.bmp,rolled-in_scale,4,val,200,200,41078,441a616c59042144f80b04d10e3718d1116fd572ab9384a7dfda06d1d3161072
data/raw/NEU-CLS/NEU-CLS/RS_29.bmp,RS_29.bmp,rolled-in_scale,4,val,200,200,41078,0b8804352377498a6e5acec1cd1faf76ba81c51920bb6bda3cac64b9eb7eaf1b
data/raw/NEU-CLS/NEU-CLS/RS_158.bmp,RS_158.bmp,rolled-in_scale,4,val,200,200,41078,8ca88b4cfbf061c3446906f9a07c584428e8cf00e6ba6210eeba90b082dcefe7
data/raw/NEU-CLS/NEU-CLS/RS_137.bmp,RS_137.bmp,rolled-in_scale,4,val,200,200,41078,7891383b11929953e04fa6502da871f9409c2fed20281acd4d61afe02d59b879
data/raw/NEU-CLS/NEU-CLS/RS_290.bmp,RS_290.bmp,rolled-in_scale,4,val,200,200,41078,ea5716461880c29d6d3bbb8ae9f3958b9999fed2a3583d9fd26eb9ab33d546f3
data/raw/NEU-CLS/NEU-CLS/RS_161.bmp,RS_161.bmp,rolled-in_scale,4,val,200,200,41078,60ea0224d95cf1b7cca88d5611efd20d4ef74e591951e3cc8858399a40055a63
data/raw/NEU-CLS/NEU-CLS/RS_79.bmp,RS_79.bmp,rolled-in_scale,4,val,200,200,41078,918119bc22e3b3c0106810b1c7cb4921a9fbb7c4bd732ef704b71db5855e989b
data/raw/NEU-CLS/NEU-CLS/RS_220.bmp,RS_220.bmp,rolled-in_scale,4,val,200,200,41078,884549b92cb0368000a21d7895bf4955d31435ce5ba4efda900def534b3544c9
data/raw/NEU-CLS/NEU-CLS/RS_78.bmp,RS_78.bmp,rolled-in_scale,4,val,200,200,41078,4aa758a5e2915d5c9656590dc41bf87ea886f72a861b3e594fa865521c125009
data/raw/NEU-CLS/NEU-CLS/RS_223.bmp,RS_223.bmp,rolled-in_scale,4,val,200,200,41078,3e1ff7be56efdc7a01cc52edfd722829001ee682ee96cdd02d1c934b71c1279d
data/raw/NEU-CLS/NEU-CLS/RS_42.bmp,RS_42.bmp,rolled-in_scale,4,val,200,200,41078,efa94aaffecacd689070368eba1bdc9f7f01fcea003c69e5b83c10b1391d4c01
data/raw/NEU-CLS/NEU-CLS/RS_47.bmp,RS_47.bmp,rolled-in_scale,4,val,200,200,41078,e4adba27c9e31d414687a0903bb7ac2ce9058a4974f78b03081b0c02266930f1
data/raw/NEU-CLS/NEU-CLS/RS_145.bmp,RS_145.bmp,rolled-in_scale,4,val,200,200,41078,74bd006f4d261a46b64fa88a290809c95367b271da901d78a64a09450096e536
data/raw/NEU-CLS/NEU-CLS/RS_139.bmp,RS_139.bmp,rolled-in_scale,4,val,200,200,41078,ee247b452da32769dea20f84a29cfe19e001721b6cad1c67710aba5f9043ff0c
data/raw/NEU-CLS/NEU-CLS/RS_195.bmp,RS_195.bmp,rolled-in_scale,4,val,200,200,41078,b04ad483e36c27e6f3628811ad5c4f5bdaf3f97d92c25157d9e32e0bdcb47761
data/raw/NEU-CLS/NEU-CLS/RS_271.bmp,RS_271.bmp,rolled-in_scale,4,val,200,200,41078,3dc8e5e2477a5947e571b8e0c074dd97245c25b762f1e1ea39572a809f1d6ea7
data/raw/NEU-CLS/NEU-CLS/RS_174.bmp,RS_174.bmp,rolled-in_scale,4,val,200,200,41078,bfa9edddebc848d023ede4db5dbc0c4a53330d6681042da0d6188989a7a947c3
data/raw/NEU-CLS/NEU-CLS/RS_167.bmp,RS_167.bmp,rolled-in_scale,4,val,200,200,41078,90e2cdc444da2db5264d02e1e0600e8a468c55be0652539c9dea6440f8012775
data/raw/NEU-CLS/NEU-CLS/RS_12.bmp,RS_12.bmp,rolled-in_scale,4,val,200,200,41078,57714ea125c380eb7c7778a1af4497169ed27ca76c6d7e26c4cc17375c9a167b
data/raw/NEU-CLS/NEU-CLS/RS_129.bmp,RS_129.bmp,rolled-in_scale,4,val,200,200,41078,eacbea86f5d66a2580aa123b0775c3aa2e44b1e968f0ac4bfeb59887ad941506
data/raw/NEU-CLS/NEU-CLS/RS_268.bmp,RS_268.bmp,rolled-in_scale,4,val,200,200,41078,f637af6a4300b11f0fb2a8c247c2e416a80145eeff07c7cf0fcbfa8359631c98
data/raw/NEU-CLS/NEU-CLS/RS_183.bmp,RS_183.bmp,rolled-in_scale,4,val,200,200,41078,59e1a7346c8ede79a61c4c4699b0f009e534a67383c59fe9ca57227f2d89f266
data/raw/NEU-CLS/NEU-CLS/RS_232.bmp,RS_232.bmp,rolled-in_scale,4,val,200,200,41078,0b551ca3d8c4164e26cc59d27bb63c8f98a90d896c78ca512859f2e5a0ccda9e
data/raw/NEU-CLS/NEU-CLS/RS_106.bmp,RS_106.bmp,rolled-in_scale,4,val,200,200,41078,13d97ca5e69c4979c7b1f2861ca664cc8821c9c47044540e3b00bbebe887459e
data/raw/NEU-CLS/NEU-CLS/RS_6.bmp,RS_6.bmp,rolled-in_scale,4,val,200,200,41078,c4ed73aec0f1145fdb3c609f685c9ff5b6631549e5168b2da46b22be0e868083
data/raw/NEU-CLS/NEU-CLS/RS_280.bmp,RS_280.bmp,rolled-in_scale,4,val,200,200,41078,8836cb35ec0c93df04bd9c6ba6887b32e90b48a5da561cf99acf39a4b27919f6
data/raw/NEU-CLS/NEU-CLS/RS_170.bmp,RS_170.bmp,rolled-in_scale,4,val,200,200,41078,8e82d3f1a628b8fed2f76cc04403e6f742e67900820084ff0b82c56a17062418
data/raw/NEU-CLS/NEU-CLS/RS_108.bmp,RS_108.bmp,rolled-in_scale,4,val,200,200,41078,553e81577dde628c8dd7890e18e452a64ab2fa4dcd0d49bf993ff1865c71fac9
data/raw/NEU-CLS/NEU-CLS/RS_248.bmp,RS_248.bmp,rolled-in_scale,4,val,200,200,41078,ad9fb4603ed284ade22764e9298f67fefdd10989de73612809734dfe9ecb15e1
data/raw/NEU-CLS/NEU-CLS/RS_49.bmp,RS_49.bmp,rolled-in_scale,4,val,200,200,41078,1fe659172375c655660a45bc82c347df78df0d51823a7336c5e4c936af1f64a1
data/raw/NEU-CLS/NEU-CLS/RS_37.bmp,RS_37.bmp,rolled-in_scale,4,val,200,200,41078,70a646de9758bcf420e3b4e36cc89a90f3dc435d7fa59bb4b80bbea8b3e25775
data/raw/NEU-CLS/NEU-CLS/RS_120.bmp,RS_120.bmp,rolled-in_scale,4,val,200,200,41078,8c23f85b06f7b2428515e3d0bb149f7cf1e9c95e642ba354e0584c3e9290a050
data/raw/NEU-CLS/NEU-CLS/RS_243.bmp,RS_243.bmp,rolled-in_scale,4,val,200,200,41078,7f2df61650dae57601a3ee841927201e1734a2b27ba129e0fb466114db3eb3df
data/raw/NEU-CLS/NEU-CLS/RS_130.bmp,RS_130.bmp,rolled-in_scale,4,val,200,200,41078,84af715312659df9d506b6b070e6ef49c39a37bd9ef1075a185d117ae482a398
data/raw/NEU-CLS/NEU-CLS/RS_292.bmp,RS_292.bmp,rolled-in_scale,4,val,200,200,41078,5fad810d8ba236717665a784e230d2e260cfa6c4171d06d52f6bff9689ec403e
data/raw/NEU-CLS/NEU-CLS/RS_256.bmp,RS_256.bmp,rolled-in_scale,4,val,200,200,41078,75e3f458752c3f13f60f75ecb7cb944e83b9692e09bd18bce7894cab30d1150a
data/raw/NEU-CLS/NEU-CLS/RS_250.bmp,RS_250.bmp,rolled-in_scale,4,val,200,200,41078,ec98d8256d2c9e6b47170fc4730836a651c5197533ec0e2a2a3a51fe4c413254
data/raw/NEU-CLS/NEU-CLS/RS_75.bmp,RS_75.bmp,rolled-in_scale,4,val,200,200,41078,319a35b84f16e1c7f26cb398b92924438c4350fe1cd26dded77b7075eb25001f
data/raw/NEU-CLS/NEU-CLS/RS_265.bmp,RS_265.bmp,rolled-in_scale,4,val,200,200,41078,59f313c484317982c0b42f13c43b66463d845f0930098e355644f9e87c8b806b
data/raw/NEU-CLS/NEU-CLS/RS_273.bmp,RS_273.bmp,rolled-in_scale,4,val,200,200,41078,dc4022794c085af4d87aef7a422a4b86a3b85b65ca945a547f6bd3a0e788d1e5
data/raw/NEU-CLS/NEU-CLS/RS_255.bmp,RS_255.bmp,rolled-in_scale,4,val,200,200,41078,94ba505eb748d2ddbb5af4286daa97941a091e6a96607152a7e759ca76627797
data/raw/NEU-CLS/NEU-CLS/RS_157.bmp,RS_157.bmp,rolled-in_scale,4,val,200,200,41078,3c2ddc964b0901022160d136e6300ce8753901c3d7f60bb6cf8a38ef5ecf28bb
data/raw/NEU-CLS/NEU-CLS/RS_241.bmp,RS_241.bmp,rolled-in_scale,4,val,200,200,41078,3bb94502a0754f5a262a65d1dba20863a2110e111620f1ddde56e4e5b4ea61a9
data/raw/NEU-CLS/NEU-CLS/RS_187.bmp,RS_187.bmp,rolled-in_scale,4,test,200,200,41078,766b8c65ae9f911e9d7d8c6c44e18a90c92e58f8802a54d8841429c0148f0c5d
data/raw/NEU-CLS/NEU-CLS/RS_20.bmp,RS_20.bmp,rolled-in_scale,4,test,200,200,41078,04db13c854baf398756c18ef8633d5655e736f929f3dff5f51e86654da8617ef
data/raw/NEU-CLS/NEU-CLS/RS_261.bmp,RS_261.bmp,rolled-in_scale,4,test,200,200,41078,8cb9326bbf46b97d638cf454b028b0a9a7b45883d1cca1691443e3a5beb49441
data/raw/NEU-CLS/NEU-CLS/RS_204.bmp,RS_204.bmp,rolled-in_scale,4,test,200,200,41078,7016dc3b000053feaaa4a9f0d081a47cb55b48e7fa93e8453d5f79e8190201d8
data/raw/NEU-CLS/NEU-CLS/RS_230.bmp,RS_230.bmp,rolled-in_scale,4,test,200,200,41078,7bc80cfb625e6c6df1e89694c722c8e28286c148c25a1ab859dfd2fffd67fd47
data/raw/NEU-CLS/NEU-CLS/RS_94.bmp,RS_94.bmp,rolled-in_scale,4,test,200,200,41078,449cc2a743a5384767fbd9d53d4cec52b94fe7dfd7957a819a51d7b87c1b25ec
data/raw/NEU-CLS/NEU-CLS/RS_121.bmp,RS_121.bmp,rolled-in_scale,4,test,200,200,41078,79346f2ce41037d2a983ec79ce72d9c4a8296684d637c67f1c71bfbb4ca018db
data/raw/NEU-CLS/NEU-CLS/RS_88.bmp,RS_88.bmp,rolled-in_scale,4,test,200,200,41078,7501acba066bfba1277fbcf5cdc3becb0609839687bccd5691c0dfe611350cdd
data/raw/NEU-CLS/NEU-CLS/RS_225.bmp,RS_225.bmp,rolled-in_scale,4,test,200,200,41078,dfcbece63f20cc55d304642500be9a1085cbf4959a4db5d39fa3f30da93dd52a
data/raw/NEU-CLS/NEU-CLS/RS_281.bmp,RS_281.bmp,rolled-in_scale,4,test,200,200,41078,93765771b9a581d4fb0adb2cdfbdd79f4a60aec8bf52f842a2d1cddb6ba7f96e
data/raw/NEU-CLS/NEU-CLS/RS_109.bmp,RS_109.bmp,rolled-in_scale,4,test,200,200,41078,97bb17d7b078e3c1ea4c68a137e21458f1b58b9a8296eb86a19acd0464f3c12b
data/raw/NEU-CLS/NEU-CLS/RS_7.bmp,RS_7.bmp,rolled-in_scale,4,test,200,200,41078,e06d6819ff1ed4e7d229ab727bb5fe1305ca643dc5ad721b7a092714e40edc18
data/raw/NEU-CLS/NEU-CLS/RS_235.bmp,RS_235.bmp,rolled-in_scale,4,test,200,200,41078,845c740765cd0444362184449dd746a79c3cc6eac4280547be64cb4cd5909dbf
data/raw/NEU-CLS/NEU-CLS/RS_264.bmp,RS_264.bmp,rolled-in_scale,4,test,200,200,41078,b25694ac25b44f30cfd581e8731f4e4be027a64e312750afdc4c8618c08e1e4e
data/raw/NEU-CLS/NEU-CLS/RS_96.bmp,RS_96.bmp,rolled-in_scale,4,test,200,200,41078,c1d1614c420d2ae535ab7e414751d6b456f001d7f4a90f0fc6cc9ec56b9595e5
data/raw/NEU-CLS/NEU-CLS/RS_208.bmp,RS_208.bmp,rolled-in_scale,4,test,200,200,41078,8b48c5cb3cce70f6b27912d1f8d367a048e7bdb930acc1886a15c89ac9def253
data/raw/NEU-CLS/NEU-CLS/RS_148.bmp,RS_148.bmp,rolled-in_scale,4,test,200,200,41078,a21d374aaca9e7ea15346c46ab6cd967e64d2e0c5d724eb3d7cc87369d8c9062
data/raw/NEU-CLS/NEU-CLS/RS_51.bmp,RS_51.bmp,rolled-in_scale,4,test,200,200,41078,351b3a6324a7505813fc0db81a51346ec3237012145dc845686f74703d487877
data/raw/NEU-CLS/NEU-CLS/RS_276.bmp,RS_276.bmp,rolled-in_scale,4,test,200,200,41078,535e9b25ae75a17f94520dd174d16cf501aa35d149274a7e85140c4368e80a6b
data/raw/NEU-CLS/NEU-CLS/RS_190.bmp,RS_190.bmp,rolled-in_scale,4,test,200,200,41078,60e36cca176e4eca58f590969a8ad008c7ad96b62392cdfd13588887e4402b14
data/raw/NEU-CLS/NEU-CLS/RS_238.bmp,RS_238.bmp,rolled-in_scale,4,test,200,200,41078,35037b6c157d4d975315bdef573eb53b0ffe97b3f5df66b81848bacf6a444b84
data/raw/NEU-CLS/NEU-CLS/RS_39.bmp,RS_39.bmp,rolled-in_scale,4,test,200,200,41078,9329d4b9ec42ca6ffe021dd5ee430c3ba099e7a36d891bffa4a6c18f65d6c658
data/raw/NEU-CLS/NEU-CLS/RS_214.bmp,RS_214.bmp,rolled-in_scale,4,test,200,200,41078,f19f8d28ce1fe539d60aa736ec739253df93fe645a2ec44269c760f08ed5c6be
data/raw/NEU-CLS/NEU-CLS/RS_295.bmp,RS_295.bmp,rolled-in_scale,4,test,200,200,41078,2037c5da01ee52f0159a02595f2394e55c92aa1dc172ecedec294a690fc5b0ee
data/raw/NEU-CLS/NEU-CLS/RS_237.bmp,RS_237.bmp,rolled-in_scale,4,test,200,200,41078,2a57a48cdfe82343908c409532b4cf72ad62d38178499e0194f172a2c0dccfbf
data/raw/NEU-CLS/NEU-CLS/RS_258.bmp,RS_258.bmp,rolled-in_scale,4,test,200,200,41078,88f4afffa4470870ee6709d84c0dbd4d1e2ba67483a4afa622a852d947cb90ab
data/raw/NEU-CLS/NEU-CLS/RS_32.bmp,RS_32.bmp,rolled-in_scale,4,test,200,200,41078,5537fc2c7894f7e6eefbd3d4f5e00a4759bd659145c095eadbaae626fb246441
data/raw/NEU-CLS/NEU-CLS/RS_132.bmp,RS_132.bmp,rolled-in_scale,4,test,200,200,41078,2de718e931bbff3f68a95b5aa808f48e04f28145c3e4eae21c8058ea8dc93f9f
data/raw/NEU-CLS/NEU-CLS/RS_171.bmp,RS_171.bmp,rolled-in_scale,4,test,200,200,41078,cdbf541af5494ae98eb5fd2268999b590932cd632e059b9321b69349a710c103
data/raw/NEU-CLS/NEU-CLS/RS_80.bmp,RS_80.bmp,rolled-in_scale,4,test,200,200,41078,90911320d3005bd116389f6b31e3dc109880c61596985da9d83d5cf38dc83b75
data/raw/NEU-CLS/NEU-CLS/RS_231.bmp,RS_231.bmp,rolled-in_scale,4,test,200,200,41078,80754887ab76920d51000bf7ec41eb72d262e332b1a8a94b5ac5227da79de4ae
data/raw/NEU-CLS/NEU-CLS/RS_43.bmp,RS_43.bmp,rolled-in_scale,4,test,200,200,41078,bdcc7584e684b77b6347cf9b7535ac387d0e2a48143e46c5a84fed27e3d3e9ae
data/raw/NEU-CLS/NEU-CLS/RS_102.bmp,RS_102.bmp,rolled-in_scale,4,test,200,200,41078,8254ab68ad8f50a78257d3f0b1e324d50b1097800490284da126a0c7ac0637bd
data/raw/NEU-CLS/NEU-CLS/RS_90.bmp,RS_90.bmp,rolled-in_scale,4,test,200,200,41078,ec97e9049aaba2728839d7661037cb2aecba24e49440f0afaac4575731b872ea
data/raw/NEU-CLS/NEU-CLS/RS_40.bmp,RS_40.bmp,rolled-in_scale,4,test,200,200,41078,bf748a18f7542a8ef34337f80c464d7e699214e127acf9872aa3bfbe2a243049
data/raw/NEU-CLS/NEU-CLS/RS_216.bmp,RS_216.bmp,rolled-in_scale,4,test,200,200,41078,3bf98bbd148e9d8635f658a4a49a6353194f2d3075340ead4f38e8a5e2b29a31
data/raw/NEU-CLS/NEU-CLS/RS_41.bmp,RS_41.bmp,rolled-in_scale,4,test,200,200,41078,8bdf2c583a1af8ab3427fa51d59efd80aa18d9af808a766b64ef918b008755a1
data/raw/NEU-CLS/NEU-CLS/RS_205.bmp,RS_205.bmp,rolled-in_scale,4,test,200,200,41078,b1cd265d1596b075424744e2049dbf81511671ddb4231c99cb93a643afed9677
data/raw/NEU-CLS/NEU-CLS/RS_165.bmp,RS_165.bmp,rolled-in_scale,4,test,200,200,41078,f37d3c7a995d1435ddc3a7869f291cd3cb1af3e16c98008db7eaea8123cf582a
data/raw/NEU-CLS/NEU-CLS/RS_58.bmp,RS_58.bmp,rolled-in_scale,4,test,200,200,41078,5617adddb5874bb16b0567054a78b6c23a051a5b33970a1ed01104cefa1d3f63
data/raw/NEU-CLS/NEU-CLS/RS_21.bmp,RS_21.bmp,rolled-in_scale,4,test,200,200,41078,6c8c2756b9c466d9afad6008f28e6f77983f90a06101b42bee07ffdbd28501da
data/raw/NEU-CLS/NEU-CLS/RS_275.bmp,RS_275.bmp,rolled-in_scale,4,test,200,200,41078,99c4784ceaa632d2bfa101de6dc7d5b912153481f84d7a79cd27a7c7865bab85
data/raw/NEU-CLS/NEU-CLS/RS_135.bmp,RS_135.bmp,rolled-in_scale,4,test,200,200,41078,067270317f842abe6339d23422cfe892173f96cbfff0deed83126ef91a2e77d2
data/raw/NEU-CLS/NEU-CLS/RS_18.bmp,RS_18.bmp,rolled-in_scale,4,test,200,200,41078,437f1c5e7ff5584b531a183ed5896cd54673e69159122054e55a9753b5a43eba
data/raw/NEU-CLS/NEU-CLS/RS_178.bmp,RS_178.bmp,rolled-in_scale,4,test,200,200,41078,19adbaa3f5db77ede12810578acec4785f9757c9e2a778744ce5ac61c76092f0
data/raw/NEU-CLS/NEU-CLS/Sc_272.bmp,Sc_272.bmp,scratches,5,train,200,200,41078,fec26a66d0627567b61cac84a3d3ba529172214a88086e8da18aaaa62e63eb6b
data/raw/NEU-CLS/NEU-CLS/Sc_92.bmp,Sc_92.bmp,scratches,5,train,200,200,41078,8469a9b390f73d76d66ee5a26c8534aef8585b46ec58bc06cf13e150fda62b66
data/raw/NEU-CLS/NEU-CLS/Sc_1.bmp,Sc_1.bmp,scratches,5,train,200,200,41078,05410d454a6c4ec1b9dd1ebad1003c6b653fd5011aac51ae3fee34b007e950cf
data/raw/NEU-CLS/NEU-CLS/Sc_7.bmp,Sc_7.bmp,scratches,5,train,200,200,41078,24cab19a4a8e879c315733a81b939d5edc47f773dc7c797f46589fca62b55cda
data/raw/NEU-CLS/NEU-CLS/Sc_256.bmp,Sc_256.bmp,scratches,5,train,200,200,41078,e1e06bbd28dfd4d0c048a405d2c476cb11ef1af7ed302dbd8cd65e6bb9acb241
data/raw/NEU-CLS/NEU-CLS/Sc_55.bmp,Sc_55.bmp,scratches,5,train,200,200,41078,60dc2b546d2ccd3da404b8a16d4d1990b13c4ff0efe8500035dfa0fefbfc6316
data/raw/NEU-CLS/NEU-CLS/Sc_144.bmp,Sc_144.bmp,scratches,5,train,200,200,41078,f8c736719f4836e944e079f6db859061b4d2f42d912de48047c9a585bd44b9e7
data/raw/NEU-CLS/NEU-CLS/Sc_263.bmp,Sc_263.bmp,scratches,5,train,200,200,41078,d6bfabd2a966a8a3963b7d2dca02a5dc3935788d1828fdeed063566e4503ad19
data/raw/NEU-CLS/NEU-CLS/Sc_212.bmp,Sc_212.bmp,scratches,5,train,200,200,41078,8f73b1bdd81c5a09dab565f6fe9c88b9839365edf01f7d6de17a48bcd11ec0a7
data/raw/NEU-CLS/NEU-CLS/Sc_154.bmp,Sc_154.bmp,scratches,5,train,200,200,41078,1037c3620597ff421d67a0c778b58352b96a49b1a94e785b5364b14fd42c4e9f
data/raw/NEU-CLS/NEU-CLS/Sc_183.bmp,Sc_183.bmp,scratches,5,train,200,200,41078,faea92150f7ebdd03b9998a24ed6c943fd48c69532912a49ff52139b00f49f14
data/raw/NEU-CLS/NEU-CLS/Sc_29.bmp,Sc_29.bmp,scratches,5,train,200,200,41078,1b28d083c7d3884fc52b9f5c09a45c0486e6d29c3385309da79287c9dbee991d
data/raw/NEU-CLS/NEU-CLS/Sc_98.bmp,Sc_98.bmp,scratches,5,train,200,200,41078,964592a68b0dcbbd75ecd32bc8238243bfd6fbbc756e067aea10975c91f1d99e
data/raw/NEU-CLS/NEU-CLS/Sc_264.bmp,Sc_264.bmp,scratches,5,train,200,200,41078,6893f64dfae8cfe6018205cdb206e8c71af895278707e93d82859c0e5f112fc6
data/raw/NEU-CLS/NEU-CLS/Sc_113.bmp,Sc_113.bmp,scratches,5,train,200,200,41078,87b93952f15141a794d9489fb5205ca7f3e7412deda8862be205aba0ff097909
data/raw/NEU-CLS/NEU-CLS/Sc_219.bmp,Sc_219.bmp,scratches,5,train,200,200,41078,d4a28588b29136a6c40df434c6ecbfbc99096d201f79b1cd4efc19bb70c80c03
data/raw/NEU-CLS/NEU-CLS/Sc_70.bmp,Sc_70.bmp,scratches,5,train,200,200,41078,c0079b0fa4e23bfc50d21e66ed97ca765f1a98aa2fa95e509999e2ae4bb6c820
data/raw/NEU-CLS/NEU-CLS/Sc_30.bmp,Sc_30.bmp,scratches,5,train,200,200,41078,63b6a088e11e58aa4d5e72e129c447d45c54b29a92716853bef685e660df6adb
data/raw/NEU-CLS/NEU-CLS/Sc_208.bmp,Sc_208.bmp,scratches,5,train,200,200,41078,a4e16ec77a7a4f9f0521a5ead4999bfd59a2675b2ce6be0fa0fbe912325e5ebd
data/raw/NEU-CLS/NEU-CLS/Sc_59.bmp,Sc_59.bmp,scratches,5,train,200,200,41078,c4a368c7ffb6b18eb60a0829f109fd92c00b4ab72af43cf080d90b7788dfee16
data/raw/NEU-CLS/NEU-CLS/Sc_21.bmp,Sc_21.bmp,scratches,5,train,200,200,41078,a25678fcbbba0cb8cff38e7096d05113d2c1c1aeee19e4545e7ee004ca569b7d
data/raw/NEU-CLS/NEU-CLS/Sc_142.bmp,Sc_142.bmp,scratches,5,train,200,200,41078,e28ccd94359d96603fa24c3ed1615ae02b763ed9f2d44fc0f0a0a1b7a4e9769a
data/raw/NEU-CLS/NEU-CLS/Sc_127.bmp,Sc_127.bmp,scratches,5,train,200,200,41078,ef8b8899ed01c540d8255c8f5d0be9c0cdd0d4c058a821d4ebf1eb1bfe036571
data/raw/NEU-CLS/NEU-CLS/Sc_93.bmp,Sc_93.bmp,scratches,5,train,200,200,41078,20f97d7e3249ed1c4193b1a8f101bf90aef6031871b396c0f511617b145a9bbf
data/raw/NEU-CLS/NEU-CLS/Sc_61.bmp,Sc_61.bmp,scratches,5,train,200,200,41078,bd49de45b45bcd45d1401f3fbd41e68182cc252af73572db3d72657d1ff03da9
data/raw/NEU-CLS/NEU-CLS/Sc_3.bmp,Sc_3.bmp,scratches,5,train,200,200,41078,bacec34041f7d383ce43aaedf65a2ff212a68bd13d541912f0328a27d104f37d
data/raw/NEU-CLS/NEU-CLS/Sc_267.bmp,Sc_267.bmp,scratches,5,train,200,200,41078,d7e09dfabc7d32c7555348d90e88bbcf8e3b4e67e125df90f8ad957a6d241126
data/raw/NEU-CLS/NEU-CLS/Sc_99.bmp,Sc_99.bmp,scratches,5,train,200,200,41078,156e7070671086eef40d4720f8a0aac49988eb69585a4f09b746223d7b90c5f9
data/raw/NEU-CLS/NEU-CLS/Sc_52.bmp,Sc_52.bmp,scratches,5,train,200,200,41078,e4d3971eb0424c7e9a68b520ce09e03568e7679fcdf9ed975065a82ba87265d2
data/raw/NEU-CLS/NEU-CLS/Sc_137.bmp,Sc_137.bmp,scratches,5,train,200,200,41078,0c619ebc290093d18aa6abf7a8206f689846fa58d4160537a8569042331fb0a4
data/raw/NEU-CLS/NEU-CLS/Sc_185.bmp,Sc_185.bmp,scratches,5,train,200,200,41078,45e623598037b182b18e007788c295a5d3f42b0b123b99912cfe05969aace70f
data/raw/NEU-CLS/NEU-CLS/Sc_72.bmp,Sc_72.bmp,scratches,5,train,200,200,41078,af0e3ce4cd62c2894e1b973cb953a60b0aa4b7d968ae02cde49a899d0328443d
data/raw/NEU-CLS/NEU-CLS/Sc_75.bmp,Sc_75.bmp,scratches,5,train,200,200,41078,e093649eeca8ad299e89be84640b9e659aa42e09423167263eadc2e2ad4a8856
data/raw/NEU-CLS/NEU-CLS/Sc_243.bmp,Sc_243.bmp,scratches,5,train,200,200,41078,9ae10f36d98abe85310aa125491af46250e2f765594ca1f619dab0d7f6e3dc78
data/raw/NEU-CLS/NEU-CLS/Sc_277.bmp,Sc_277.bmp,scratches,5,train,200,200,41078,d82b2af55dd3b2d02387525ac3dcd23d81525765ac45445670242178eb20e518
data/raw/NEU-CLS/NEU-CLS/Sc_58.bmp,Sc_58.bmp,scratches,5,train,200,200,41078,6d223c6f572b638bedd8196a656a36d93de8e3e6b8a256ef3dce15fc8ea7565b
data/raw/NEU-CLS/NEU-CLS/Sc_181.bmp,Sc_181.bmp,scratches,5,train,200,200,41078,2a8d8ed9e2b53788af72120f820f9e72466c7269b8e46ba010ccfc66454caeaf
data/raw/NEU-CLS/NEU-CLS/Sc_60.bmp,Sc_60.bmp,scratches,5,train,200,200,41078,c4cf4d0c3837866b8b71bf34f55555acb39a6d5c3e4af1dbca03c7b8d7685335
data/raw/NEU-CLS/NEU-CLS/Sc_257.bmp,Sc_257.bmp,scratches,5,train,200,200,41078,ac955f1b8dc598583ca5251c89c001ffbc007375636cff51ead0cf2fbaaf448a
data/raw/NEU-CLS/NEU-CLS/Sc_83.bmp,Sc_83.bmp,scratches,5,train,200,200,41078,9e8bb069b2284bdc7d65e546a6cf5eaff7b2018e131b0c4c808d591ed4dcd538
data/raw/NEU-CLS/NEU-CLS/Sc_290.bmp,Sc_290.bmp,scratches,5,train,200,200,41078,72358e0b1db7c8bff6cadb647f7cf1d15d8f47afd71b59dc226b53f425f4989d
data/raw/NEU-CLS/NEU-CLS/Sc_211.bmp,Sc_211.bmp,scratches,5,train,200,200,41078,19341e3be92d4884836d0fbb0659644367d2e77dc7d135f53bb0e84e4c815ea2
data/raw/NEU-CLS/NEU-CLS/Sc_258.bmp,Sc_258.bmp,scratches,5,train,200,200,41078,952726205e560641a11cf755291f76ad41fe44286b8cc0e2f763b4aeb34e801e
data/raw/NEU-CLS/NEU-CLS/Sc_76.bmp,Sc_76.bmp,scratches,5,train,200,200,41078,ddf49b436be2a780aac661c1991f5293bfd1ee1bb9ff5fd34b53224bbe21e777
data/raw/NEU-CLS/NEU-CLS/Sc_57.bmp,Sc_57.bmp,scratches,5,train,200,200,41078,c8b83ac78c60c7140f5bd57a551a7a69a1ac48c5909b9b278d433425e55eca53
data/raw/NEU-CLS/NEU-CLS/Sc_175.bmp,Sc_175.bmp,scratches,5,train,200,200,41078,01044f933fe3790ece68e834dbb2aade1a89077d2be3034f6ab4caf83864a6fc
data/raw/NEU-CLS/NEU-CLS/Sc_226.bmp,Sc_226.bmp,scratches,5,train,200,200,41078,8900e34dd089ccb3e5c4b4a647dc3d25d22c8981b92de3bfda7c36aa03cd6bdb
data/raw/NEU-CLS/NEU-CLS/Sc_26.bmp,Sc_26.bmp,scratches,5,train,200,200,41078,3174d3b204f7ac6bfceb764363a21106c63abbe9c593d32959db1508cc7c7db0
data/raw/NEU-CLS/NEU-CLS/Sc_46.bmp,Sc_46.bmp,scratches,5,train,200,200,41078,314ed4e06f772dfae587931a41a2c0fe052f6390387035ac376e7b0133f5e063
data/raw/NEU-CLS/NEU-CLS/Sc_284.bmp,Sc_284.bmp,scratches,5,train,200,200,41078,d9d25537aae2721c8b9d208a1e103cedb5cf7d0f0d99d625ca87f4ceebb6c711
data/raw/NEU-CLS/NEU-CLS/Sc_16.bmp,Sc_16.bmp,scratches,5,train,200,200,41078,b3ff9e61985e71ad807f4c28f2c0acf3e9f557ceba1bcf09622e823503741f60
data/raw/NEU-CLS/NEU-CLS/Sc_112.bmp,Sc_112.bmp,scratches,5,train,200,200,41078,78fd8f8302880263641a8f040d28c69c4eb7271aafa5e5cae53b7731a482efd8
data/raw/NEU-CLS/NEU-CLS/Sc_100.bmp,Sc_100.bmp,scratches,5,train,200,200,41078,ca66c6d950fb1a74d21c44c9de15c503f2c0fe13511eaedae4e079e9f2b92645
data/raw/NEU-CLS/NEU-CLS/Sc_168.bmp,Sc_168.bmp,scratches,5,train,200,200,41078,141ae56610ef475c3ffd54dbe7fb7763a67095783c71077d14d388f484351808
data/raw/NEU-CLS/NEU-CLS/Sc_160.bmp,Sc_160.bmp,scratches,5,train,200,200,41078,3c6c1875c0be5f5131de789010cef0568f68c1230e304e110d3fc30e6ff8f425
data/raw/NEU-CLS/NEU-CLS/Sc_28.bmp,Sc_28.bmp,scratches,5,train,200,200,41078,9b82f463a0c054cbe0a75f3ad4ac2eb7a87efcdcee7c83bd222c05ad58bc69fb
data/raw/NEU-CLS/NEU-CLS/Sc_163.bmp,Sc_163.bmp,scratches,5,train,200,200,41078,03813fe914d75bffa2601e4f9ab3e6064bafa076fe41281d4152ffcd01356228
data/raw/NEU-CLS/NEU-CLS/Sc_194.bmp,Sc_194.bmp,scratches,5,train,200,200,41078,b43ac7ebe7dfbe837d4a4404131ec938103d822ec472346e4c0c15e9cb49fbe1
data/raw/NEU-CLS/NEU-CLS/Sc_36.bmp,Sc_36.bmp,scratches,5,train,200,200,41078,5a1a6cda26fe72d45781223cafef41ef0872a8d75f65ea51b1d8f58b276fbe92
data/raw/NEU-CLS/NEU-CLS/Sc_8.bmp,Sc_8.bmp,scratches,5,train,200,200,41078,8b5b92513f6352f0aff68553b45f0fe87a89848bcab59d2ed54a2ab1257198c7
data/raw/NEU-CLS/NEU-CLS/Sc_20.bmp,Sc_20.bmp,scratches,5,train,200,200,41078,6e9955da9969765315f81d4c2b39f64b0ddc1092a0d4cfddad022882e68d4e9c
data/raw/NEU-CLS/NEU-CLS/Sc_145.bmp,Sc_145.bmp,scratches,5,train,200,200,41078,59088a164050204090f595e5df38187699a2176b825844897851f6a368bb4644
data/raw/NEU-CLS/NEU-CLS/Sc_104.bmp,Sc_104.bmp,scratches,5,train,200,200,41078,d0b0fa2e10cfa36f3e763cc4e5de136a5cf9b2ce8354499dd6c813c1814949f4
data/raw/NEU-CLS/NEU-CLS/Sc_193.bmp,Sc_193.bmp,scratches,5,train,200,200,41078,6bc5cabc4458222669318c58fc4c80b53c5fc9c5e28c77a6422eaad60f136912
data/raw/NEU-CLS/NEU-CLS/Sc_234.bmp,Sc_234.bmp,scratches,5,train,200,200,41078,7d6829807848a5c293cb92b2df441b3da7ecfe9448c38b4b8a5cd0af596de2fc
data/raw/NEU-CLS/NEU-CLS/Sc_295.bmp,Sc_295.bmp,scratches,5,train,200,200,41078,af48a05bfb57dd8eb49b454a1feff516c0fae71f172ca512fa6df2f87d923d5a
data/raw/NEU-CLS/NEU-CLS/Sc_215.bmp,Sc_215.bmp,scratches,5,train,200,200,41078,bfc559b0113b2d9db285c8b40c9be3819cbaf26fb5685787f81627d5cb96df64
data/raw/NEU-CLS/NEU-CLS/Sc_42.bmp,Sc_42.bmp,scratches,5,train,200,200,41078,818335e09b36e91b103deb113754c10857c3809852a51c9fc79f597bfb958d5d
data/raw/NEU-CLS/NEU-CLS/Sc_19.bmp,Sc_19.bmp,scratches,5,train,200,200,41078,8eaa32c848ae6060d9eb1b4111678cf74c82b042895971334114df42ca055e40
data/raw/NEU-CLS/NEU-CLS/Sc_120.bmp,Sc_120.bmp,scratches,5,train,200,200,41078,47b099c93b2210eabc8a400fc34b786cb695938a74b5bdee0154776a049b16df
data/raw/NEU-CLS/NEU-CLS/Sc_293.bmp,Sc_293.bmp,scratches,5,train,200,200,41078,63f903094ebfc37c192e8cac57b88f47a390ecfc12367b31ef7e633ea35617e6
data/raw/NEU-CLS/NEU-CLS/Sc_238.bmp,Sc_238.bmp,scratches,5,train,200,200,41078,3b9703b06093145f96df0daed8f7a21dab01937ca11ad9440a438042b8deb67c
data/raw/NEU-CLS/NEU-CLS/Sc_162.bmp,Sc_162.bmp,scratches,5,train,200,200,41078,a226a7bc2ea5431f821cff323cad3fcf1e1253e82fd0b503ee82a4d38d8334a2
data/raw/NEU-CLS/NEU-CLS/Sc_280.bmp,Sc_280.bmp,scratches,5,train,200,200,41078,7664d18aef160a1288e270dadbebe6fef309f29f204fafb297fef4bb55cd0d8e
data/raw/NEU-CLS/NEU-CLS/Sc_288.bmp,Sc_288.bmp,scratches,5,train,200,200,41078,e5c433722f1bd227ec813f495cb5b7b6eed3a9d62ae2f99566d98bbc66cb25ba
data/raw/NEU-CLS/NEU-CLS/Sc_64.bmp,Sc_64.bmp,scratches,5,train,200,200,41078,66f39a10a73e4460e0b55932239897a3176444cd8285b551637812831d411ca6
data/raw/NEU-CLS/NEU-CLS/Sc_276.bmp,Sc_276.bmp,scratches,5,train,200,200,41078,7cefad2972f0673d26b4bb19389a502a288e882ccc4f1e37cb0ea08221fabea1
data/raw/NEU-CLS/NEU-CLS/Sc_222.bmp,Sc_222.bmp,scratches,5,train,200,200,41078,838d1910ae710f2fc32f724f0e06371b99db4600ad09f14f8b6ee36679bdf5ee
data/raw/NEU-CLS/NEU-CLS/Sc_54.bmp,Sc_54.bmp,scratches,5,train,200,200,41078,51acbb4061dc847777cb483a36eb5d1f46b64caa14122ab533fee6b5369f2ddb
data/raw/NEU-CLS/NEU-CLS/Sc_96.bmp,Sc_96.bmp,scratches,5,train,200,200,41078,ab17fb4d5f10477786c1a6d3794dcddbd335ca6b5c32f222b19f6d46fa3ca1ad
data/raw/NEU-CLS/NEU-CLS/Sc_286.bmp,Sc_286.bmp,scratches,5,train,200,200,41078,26c04e0b4a1e4022a0588af27a41f5868adc93c9a90bfe7155bac5bf7ca30b9f
data/raw/NEU-CLS/NEU-CLS/Sc_249.bmp,Sc_249.bmp,scratches,5,train,200,200,41078,494e36f19bea57a7f9edc48d2262187dfab2a721e04d5bfe8bbcc7012716a32c
data/raw/NEU-CLS/NEU-CLS/Sc_300.bmp,Sc_300.bmp,scratches,5,train,200,200,41078,fb62519c7ca9a2acf8db76572a72ddd8b512366417af1427a9959b3e5f9f1d2d
data/raw/NEU-CLS/NEU-CLS/Sc_38.bmp,Sc_38.bmp,scratches,5,train,200,200,41078,33f6223e04dd5a1f54031f5fa9522ba6858bc314bf226b5dba6e215f20502e97
data/raw/NEU-CLS/NEU-CLS/Sc_33.bmp,Sc_33.bmp,scratches,5,train,200,200,41078,6a90e9b6cdb831e83e6646e7cc5f5634977f5b0c23f11c078afb9fecac610b27
data/raw/NEU-CLS/NEU-CLS/Sc_45.bmp,Sc_45.bmp,scratches,5,train,200,200,41078,b0e5efaff7fefca0e5823c824318ffb9e6b183d411e9643aba5e9eb4d11ff13d
data/raw/NEU-CLS/NEU-CLS/Sc_157.bmp,Sc_157.bmp,scratches,5,train,200,200,41078,f2e678680d9e14739d5f1828841641e7440b27b017253240c44f08cfe7c19cd8
data/raw/NEU-CLS/NEU-CLS/Sc_14.bmp,Sc_14.bmp,scratches,5,train,200,200,41078,73b3b40350e133d3c9dced91914edd3c69501218003c74b19086656c846bd71a
data/raw/NEU-CLS/NEU-CLS/Sc_51.bmp,Sc_51.bmp,scratches,5,train,200,200,41078,c71505db094ae16ba270cfc4b373f8d7968574636b9eb3c3503054f34cf287a7
data/raw/NEU-CLS/NEU-CLS/Sc_167.bmp,Sc_167.bmp,scratches,5,train,200,200,41078,27fa8a71911cfc921e1422e95acb45b38683d25daa5768ad2c783fc3e15d8348
data/raw/NEU-CLS/NEU-CLS/Sc_268.bmp,Sc_268.bmp,scratches,5,train,200,200,41078,764197a888094259d12dae34508854e317bfa60fe098d3b18d3ef15809cb7819
data/raw/NEU-CLS/NEU-CLS/Sc_133.bmp,Sc_133.bmp,scratches,5,train,200,200,41078,a1f872d8ff815fb1167d844097bc4349767546eb39ab75f98fbd6fb4092fa5f1
data/raw/NEU-CLS/NEU-CLS/Sc_189.bmp,Sc_189.bmp,scratches,5,train,200,200,41078,5bf33030250e6ed1b26dc8a9d7c9b614b46dc1aa8b7406830643254a65a46b7a
data/raw/NEU-CLS/NEU-CLS/Sc_80.bmp,Sc_80.bmp,scratches,5,train,200,200,41078,4fce137c6ffea00f72101360fe92433075552897525a22d511ab4b93f3026448
data/raw/NEU-CLS/NEU-CLS/Sc_91.bmp,Sc_91.bmp,scratches,5,train,200,200,41078,d21be2ffb9bd21dfe546240d2e8bdc0ad35f9f20f33d09f704e7dbc48c713321
data/raw/NEU-CLS/NEU-CLS/Sc_106.bmp,Sc_106.bmp,scratches,5,train,200,200,41078,a6734e2a8e1344719accdaa7cafbd3ccdc5e33d08a41927f06ad380d38192dbe
data/raw/NEU-CLS/NEU-CLS/Sc_223.bmp,Sc_223.bmp,scratches,5,train,200,200,41078,6cf68568c2c61cbdf22590f0af73026bcec4b2eeb34e32848a17b5152099b9d9
data/raw/NEU-CLS/NEU-CLS/Sc_207.bmp,Sc_207.bmp,scratches,5,train,200,200,41078,db6b46dc0c7c831bf162ec5e9d2067f3c6441749273fac44b4b4daf25415dd07
data/raw/NEU-CLS/NEU-CLS/Sc_35.bmp,Sc_35.bmp,scratches,5,train,200,200,41078,11ab8b0cdbcd98084cae09c310c640c05b4e1d74f24e4a7f753d2136a079db87
data/raw/NEU-CLS/NEU-CLS/Sc_292.bmp,Sc_292.bmp,scratches,5,train,200,200,41078,52fb5eb11ceb38e3e8d0a1dca799b883cc9131af41cea149c89fd2dfdd7132ee
data/raw/NEU-CLS/NEU-CLS/Sc_136.bmp,Sc_136.bmp,scratches,5,train,200,200,41078,b3a4a930b5439a76d44d486b3370a3e55fc9622fcd1317df56e7a328fdd830b4
data/raw/NEU-CLS/NEU-CLS/Sc_225.bmp,Sc_225.bmp,scratches,5,train,200,200,41078,fabad97e3288a466d5940575c2b8e67b6e32e31e762b4cd4f6ad7888a69c0761
data/raw/NEU-CLS/NEU-CLS/Sc_172.bmp,Sc_172.bmp,scratches,5,train,200,200,41078,19ab6da1696b6810ec558a5e2de09342f614409d482d4e38a2eaa0f7119eecf9
data/raw/NEU-CLS/NEU-CLS/Sc_173.bmp,Sc_173.bmp,scratches,5,train,200,200,41078,3962c4a870c0eb8b46b57c8f05444abf4b27ffbba11e040042574229464ba101
data/raw/NEU-CLS/NEU-CLS/Sc_244.bmp,Sc_244.bmp,scratches,5,train,200,200,41078,061da19bbd5989e9a4d474e5397ef6907e1be98fb9f368097375d52a60a6bedc
data/raw/NEU-CLS/NEU-CLS/Sc_44.bmp,Sc_44.bmp,scratches,5,train,200,200,41078,d8146d0e6bda4a85ed1d88e1063ee3610de6a35c069979f1f9b6a29446001b8d
data/raw/NEU-CLS/NEU-CLS/Sc_150.bmp,Sc_150.bmp,scratches,5,train,200,200,41078,f97f831188c6aa73bbe29b77ed4abb4935ec10a25de399263a13d64d0ba64dbb
data/raw/NEU-CLS/NEU-CLS/Sc_240.bmp,Sc_240.bmp,scratches,5,train,200,200,41078,43e1614007a5d8dcb637589f79b788f2441e10d4430063dfeca67bd86f3df423
data/raw/NEU-CLS/NEU-CLS/Sc_205.bmp,Sc_205.bmp,scratches,5,train,200,200,41078,72d63611fe692940153c29bbbad938c297094b11209051a3577be5306f24a9b8
data/raw/NEU-CLS/NEU-CLS/Sc_283.bmp,Sc_283.bmp,scratches,5,train,200,200,41078,6b8639fc2a2006bd214861c45066ffe8c7bb63670f04bbed0b887c1ce1b0dbeb
data/raw/NEU-CLS/NEU-CLS/Sc_47.bmp,Sc_47.bmp,scratches,5,train,200,200,41078,bc2e42248e7cc8709fdb2f4d2001cb3087195a3a1705494d4f36207ccff1fb32
data/raw/NEU-CLS/NEU-CLS/Sc_152.bmp,Sc_152.bmp,scratches,5,train,200,200,41078,d53f12006c6b1e792bd25adacc450ea6c69a9b1643ab4ec5b263ecc3808382dd
data/raw/NEU-CLS/NEU-CLS/Sc_156.bmp,Sc_156.bmp,scratches,5,train,200,200,41078,a74a41e1ce053aeac2145d106298725a0d71ec21df7dab313e0ca9736bdeb1c2
data/raw/NEU-CLS/NEU-CLS/Sc_246.bmp,Sc_246.bmp,scratches,5,train,200,200,41078,419f33a655c2e9dd88d2df5292f1ec59740afa0277c5941e1056b742c011f9db
data/raw/NEU-CLS/NEU-CLS/Sc_188.bmp,Sc_188.bmp,scratches,5,train,200,200,41078,c31d756864c8fc212f7613b0110b485844fed7938a44b7f4b5978a9ffa103945
data/raw/NEU-CLS/NEU-CLS/Sc_209.bmp,Sc_209.bmp,scratches,5,train,200,200,41078,c7025ee17da85ee2d655dd65beeae8266d04047588ae01606d2d486365b0a9d6
data/raw/NEU-CLS/NEU-CLS/Sc_107.bmp,Sc_107.bmp,scratches,5,train,200,200,41078,bf8d2e6fc7c06cf286fcdb1f9aa47d2d14b8d8479553b0af1a6970abd1a26274
data/raw/NEU-CLS/NEU-CLS/Sc_86.bmp,Sc_86.bmp,scratches,5,train,200,200,41078,ce7d4b4121e122a66649814e311ba922e25cfb435e1c4cdef6ec9865ee41d5a6
data/raw/NEU-CLS/NEU-CLS/Sc_206.bmp,Sc_206.bmp,scratches,5,train,200,200,41078,27f32a42a9e4f24a56fa012e0de3792f7eaee5874d275181dcbc018bafad1d49
data/raw/NEU-CLS/NEU-CLS/Sc_259.bmp,Sc_259.bmp,scratches,5,train,200,200,41078,d77f7b68574a84bb7b03f1a1deba7b533b2f31a3991b6cd23e31fa879c03ff25
data/raw/NEU-CLS/NEU-CLS/Sc_49.bmp,Sc_49.bmp,scratches,5,train,200,200,41078,cdc9372ffdf20698d34acfce567e3cbb8710f10fe056c922e05c8eb2a432679d
data/raw/NEU-CLS/NEU-CLS/Sc_53.bmp,Sc_53.bmp,scratches,5,train,200,200,41078,d7b2afcf57783423192dc3e569e1f9393a5841692841000b78158f2d1b81d085
data/raw/NEU-CLS/NEU-CLS/Sc_233.bmp,Sc_233.bmp,scratches,5,train,200,200,41078,ba0c6feb88554ff722d5cf065e94797865aa1b36a0b8e9466bc58bac76474c78
data/raw/NEU-CLS/NEU-CLS/Sc_121.bmp,Sc_121.bmp,scratches,5,train,200,200,41078,f1440207a7e70ecc6019eda808131eee9966788ba450dac04243ee6ed85cb28b
data/raw/NEU-CLS/NEU-CLS/Sc_128.bmp,Sc_128.bmp,scratches,5,train,200,200,41078,47a42296f517bf36c280176a74f1aec09d282f9d1e31a4bbf999dcacb1f3d820
data/raw/NEU-CLS/NEU-CLS/Sc_39.bmp,Sc_39.bmp,scratches,5,train,200,200,41078,f72c39e8a9aee0c3a8bc34951e9a68e899a628eb7f9afe5a3be7988282234a26
data/raw/NEU-CLS/NEU-CLS/Sc_34.bmp,Sc_34.bmp,scratches,5,train,200,200,41078,721178c707bf3a492d1f5e1914ea95008d2b47b0d8d8c365537b67fba9db3063
data/raw/NEU-CLS/NEU-CLS/Sc_153.bmp,Sc_153.bmp,scratches,5,train,200,200,41078,9c855e9bfb1a814bcfd21d413024ecbbd9fa2fa94ecc5511d230db55a2c83766
data/raw/NEU-CLS/NEU-CLS/Sc_132.bmp,Sc_132.bmp,scratches,5,train,200,200,41078,54b83300c699277f2e6a01d16c45603afd2b72f6025ec732769c0834e655624c
data/raw/NEU-CLS/NEU-CLS/Sc_218.bmp,Sc_218.bmp,scratches,5,train,200,200,41078,62eabeaa071147d52d71eb7afd297adcd28227ff2c407652b4d860d8c6c60540
data/raw/NEU-CLS/NEU-CLS/Sc_18.bmp,Sc_18.bmp,scratches,5,train,200,200,41078,b55308a6c23fe1b4f60d98c0d113e41f8eeee77814f5c102da768a7cd3a7dadf
data/raw/NEU-CLS/NEU-CLS/Sc_94.bmp,Sc_94.bmp,scratches,5,train,200,200,41078,a651f8492d4b962ac822784f6caa8062e46b4ae7f59de0918e9c1c7b9de6a4e5
data/raw/NEU-CLS/NEU-CLS/Sc_281.bmp,Sc_281.bmp,scratches,5,train,200,200,41078,0ff80e5f482bd09459d205bac9dc4ff6d31fd8fa8d0a26c8e410c907bc12f34a
data/raw/NEU-CLS/NEU-CLS/Sc_24.bmp,Sc_24.bmp,scratches,5,train,200,200,41078,b6a1405adc69787767fd4192ed40c23bd7afef56bd572a183d7becaa8dddd15f
data/raw/NEU-CLS/NEU-CLS/Sc_216.bmp,Sc_216.bmp,scratches,5,train,200,200,41078,02fa7916a8471fc8d9c0b5eab35b09477fa5107a26984d7aa18528dd17dc7fd4
data/raw/NEU-CLS/NEU-CLS/Sc_247.bmp,Sc_247.bmp,scratches,5,train,200,200,41078,73b66c5108b3349724dd1f6494fe328c278e84ab0fa1dab79c1a17fda09de39e
data/raw/NEU-CLS/NEU-CLS/Sc_37.bmp,Sc_37.bmp,scratches,5,train,200,200,41078,28807a16fa740c78d0f33032ff3927421d26fad740a2d1c7f8bebe4f88ec3f0a
data/raw/NEU-CLS/NEU-CLS/Sc_176.bmp,Sc_176.bmp,scratches,5,train,200,200,41078,cdf5a5c81d8c60c61642d3f3d38bb7e3a08b92cef5d7217a5d5183c9414bfeb7
data/raw/NEU-CLS/NEU-CLS/Sc_275.bmp,Sc_275.bmp,scratches,5,train,200,200,41078,069972959ad32cc82acf6bf516d8bb1f1e76b916e4d8a819676f0eca230c67ef
data/raw/NEU-CLS/NEU-CLS/Sc_177.bmp,Sc_177.bmp,scratches,5,train,200,200,41078,1c45e5264d03dcd4adf72cb76cfe5e409567b09e9274fb215bf683b6c6bde899
data/raw/NEU-CLS/NEU-CLS/Sc_41.bmp,Sc_41.bmp,scratches,5,train,200,200,41078,67aa2ac9e96d6e3ce2ec115bb2e6ea2f97914c2a84f127b340e8badb83d46679
data/raw/NEU-CLS/NEU-CLS/Sc_296.bmp,Sc_296.bmp,scratches,5,train,200,200,41078,8bd3b5c55506f6b4e9fec0efe8d2ce6cf314fda30a95e06a049d1982531e905d
data/raw/NEU-CLS/NEU-CLS/Sc_95.bmp,Sc_95.bmp,scratches,5,train,200,200,41078,951ce2ef399d4cc19e14f1c850b31855c7a11973c42ca9aa98a11016cd8f59fb
data/raw/NEU-CLS/NEU-CLS/Sc_279.bmp,Sc_279.bmp,scratches,5,train,200,200,41078,f3f6d30272b258320d6d1fd6fe252648df5a1776dee3882b829b834a96834f4f
data/raw/NEU-CLS/NEU-CLS/Sc_56.bmp,Sc_56.bmp,scratches,5,train,200,200,41078,2c438b3c14f42be7fd90aa703f557145296c41127ec58e839177b0bde8a3a3e7
data/raw/NEU-CLS/NEU-CLS/Sc_232.bmp,Sc_232.bmp,scratches,5,train,200,200,41078,f864550dc257888815f589ab8eee2d2e691a700a792a39e20d3c04cfc43fc8a1
data/raw/NEU-CLS/NEU-CLS/Sc_87.bmp,Sc_87.bmp,scratches,5,train,200,200,41078,31704983bce265538800c849c2d557e47247141812f86fcc5e19d13eab7f26ab
data/raw/NEU-CLS/NEU-CLS/Sc_123.bmp,Sc_123.bmp,scratches,5,train,200,200,41078,85c9c1ca2c4889020ebdd2ea7373aa003557ba51ed37cc271a65f712c229e12a
data/raw/NEU-CLS/NEU-CLS/Sc_25.bmp,Sc_25.bmp,scratches,5,train,200,200,41078,36d98cd82b086d1857bf88ab07e8c5cf3ac588cc8bf688c22505251f5afca952
data/raw/NEU-CLS/NEU-CLS/Sc_119.bmp,Sc_119.bmp,scratches,5,train,200,200,41078,3fe1e9c7d9c8037315056bb674f7acfffbdb917cd3cc91d98ba252ae12f85cce
data/raw/NEU-CLS/NEU-CLS/Sc_6.bmp,Sc_6.bmp,scratches,5,train,200,200,41078,5d9fb55ac297cf8e487b8ece6310d77c31e9baba4ed54edf286285f5c602165d
data/raw/NEU-CLS/NEU-CLS/Sc_248.bmp,Sc_248.bmp,scratches,5,train,200,200,41078,35db5100938e2efe0339b2fc099860ac3e320eaad370ce5d5d9c6bd93013018a
data/raw/NEU-CLS/NEU-CLS/Sc_97.bmp,Sc_97.bmp,scratches,5,train,200,200,41078,f784d6929041037495590ea8df2ee112d5818b2c90132f769179151339ad8f75
data/raw/NEU-CLS/NEU-CLS/Sc_40.bmp,Sc_40.bmp,scratches,5,train,200,200,41078,53337ec70cbddcf0c3bffeba427d1dc98f218a440b082685b5ee87e576fe06d6
data/raw/NEU-CLS/NEU-CLS/Sc_103.bmp,Sc_103.bmp,scratches,5,train,200,200,41078,a2c7b7c12414a67bb6664d3a8386c78ad094eeb8f0e48ccae3e4b18fec9ce0cd
data/raw/NEU-CLS/NEU-CLS/Sc_81.bmp,Sc_81.bmp,scratches,5,train,200,200,41078,832997308d7b5c425d05dc387cc1ad484c124145c8ca7fcd8f07effc1415726b
data/raw/NEU-CLS/NEU-CLS/Sc_287.bmp,Sc_287.bmp,scratches,5,train,200,200,41078,148e0549476467fca6bb7514ea2bed0cb304bca77d98a5c54d5a72aeddbd5ffb
data/raw/NEU-CLS/NEU-CLS/Sc_266.bmp,Sc_266.bmp,scratches,5,train,200,200,41078,53e5e0623176cd21402c6f71d9eb153b92c69760c40fbad7127ac7f1a13e53b1
data/raw/NEU-CLS/NEU-CLS/Sc_291.bmp,Sc_291.bmp,scratches,5,train,200,200,41078,98d24d785552029a07d0f8306fdc2fb1cccacedf4f1127c46cc9eb255a692d93
data/raw/NEU-CLS/NEU-CLS/Sc_192.bmp,Sc_192.bmp,scratches,5,train,200,200,41078,e8fa64d64ab4dc0b3e766ae58ff1590a775b102bd7cb6a7557336ea20e184cef
data/raw/NEU-CLS/NEU-CLS/Sc_230.bmp,Sc_230.bmp,scratches,5,train,200,200,41078,d1651865f1eb2c32a3df402e61e3c61ba83fb9901e1789f7484fc099f34eb3aa
data/raw/NEU-CLS/NEU-CLS/Sc_198.bmp,Sc_198.bmp,scratches,5,train,200,200,41078,0c7e821b2f1f8c13afb90bd77276a8ee304cb1ebb691ba9ab3640807f2147e25
data/raw/NEU-CLS/NEU-CLS/Sc_82.bmp,Sc_82.bmp,scratches,5,train,200,200,41078,6131f7d2f0928372cee6dd8367c111549edae97cd6ada075908577fa95286e8d
data/raw/NEU-CLS/NEU-CLS/Sc_171.bmp,Sc_171.bmp,scratches,5,train,200,200,41078,713248a715e26726c2bf17e46116828238a7eec1e9aa7bea12c87f1793292f33
data/raw/NEU-CLS/NEU-CLS/Sc_116.bmp,Sc_116.bmp,scratches,5,train,200,200,41078,9881da4421a4b928e04a3764864d50c5bef37a2279390d7721d1e379aed71c46
data/raw/NEU-CLS/NEU-CLS/Sc_204.bmp,Sc_204.bmp,scratches,5,train,200,200,41078,52a771b266188edc4ac9dc0a90a71bb5f65742bc2b95d62dc3a6e5b0072fda79
data/raw/NEU-CLS/NEU-CLS/Sc_102.bmp,Sc_102.bmp,scratches,5,train,200,200,41078,a1850ed8d0e7ab71f04d7655070699867558a15aa9d28f776b94330cdbd1a2cb
data/raw/NEU-CLS/NEU-CLS/Sc_2.bmp,Sc_2.bmp,scratches,5,train,200,200,41078,1fa484b083f0f54e6504980d220ba26ce75d32d89e99ef916de53c413ed3b375
data/raw/NEU-CLS/NEU-CLS/Sc_108.bmp,Sc_108.bmp,scratches,5,train,200,200,41078,251b9c102945c1f2da26eb76786b6644e3b33d38fc9793260b00e5ddb65f4bdc
data/raw/NEU-CLS/NEU-CLS/Sc_274.bmp,Sc_274.bmp,scratches,5,train,200,200,41078,8471b118fd90d3af10286a8e3b3928170400f71ff1cb763efdf9f98e7de379f8
data/raw/NEU-CLS/NEU-CLS/Sc_115.bmp,Sc_115.bmp,scratches,5,train,200,200,41078,a6a1130472d2dd962cdfcda92448254d08149e798b33b7cc883790dbb65e2eb3
data/raw/NEU-CLS/NEU-CLS/Sc_180.bmp,Sc_180.bmp,scratches,5,train,200,200,41078,5e98736e069188be8995e1f8217d52cb452b4cf77f108700fb492af693cc6609
data/raw/NEU-CLS/NEU-CLS/Sc_253.bmp,Sc_253.bmp,scratches,5,train,200,200,41078,83149db21f3e4b5e7ec1c774f6d4852f69c2a622b5d5de008deeeb7acb2d1219
data/raw/NEU-CLS/NEU-CLS/Sc_228.bmp,Sc_228.bmp,scratches,5,train,200,200,41078,f315985c8dc03f5b1a8fd0ea2a10669b8bbee37ff13484f5093638c084eda571
data/raw/NEU-CLS/NEU-CLS/Sc_214.bmp,Sc_214.bmp,scratches,5,train,200,200,41078,ec4cd6a38dcf2524a0e18bad1ad8c0d0bb9f6365013bb5ec33481b3bbcae8941
data/raw/NEU-CLS/NEU-CLS/Sc_71.bmp,Sc_71.bmp,scratches,5,train,200,200,41078,3ab9dde274a6ec0b4dd7a63e63c6768094c002440a2f36e9c74f7700bb2bb1c7
data/raw/NEU-CLS/NEU-CLS/Sc_67.bmp,Sc_67.bmp,scratches,5,train,200,200,41078,e968d46a702a4bfac6c48e11f0f1daa6ae90dafe9a47833068912764718f0f13
data/raw/NEU-CLS/NEU-CLS/Sc_187.bmp,Sc_187.bmp,scratches,5,train,200,200,41078,86e45f63698ad6a4a269805d0bc13f6b538dd1550c821b8f61096a112e71b672
data/raw/NEU-CLS/NEU-CLS/Sc_129.bmp,Sc_129.bmp,scratches,5,train,200,200,41078,728dc0acde82369576e5138dbdfd5df3bd3d2ab24e239a1d4346d684261e3648
data/raw/NEU-CLS/NEU-CLS/Sc_139.bmp,Sc_139.bmp,scratches,5,train,200,200,41078,cc98c566d97351d51736510a8b5b18d6b403a1435d965fd6aaf01b6ab7a7daae
data/raw/NEU-CLS/NEU-CLS/Sc_285.bmp,Sc_285.bmp,scratches,5,train,200,200,41078,5172e308144b0ffc99785f537b306a3201dc040a2cd31c0c2821ce442d493b46
data/raw/NEU-CLS/NEU-CLS/Sc_213.bmp,Sc_213.bmp,scratches,5,train,200,200,41078,d7e05efba114e7a25cc76fe5124a7764ed4b82c8e2b00e9039fc6f1c655bd41a
data/raw/NEU-CLS/NEU-CLS/Sc_5.bmp,Sc_5.bmp,scratches,5,train,200,200,41078,87821a6432d29679ce458de2ae4e29368ba5bd1e3471fb86b9ebe5c807b787dc
data/raw/NEU-CLS/NEU-CLS/Sc_90.bmp,Sc_90.bmp,scratches,5,train,200,200,41078,cd5c9d20353041f88b3ae2cf2ea8539ab9abdbe0ec8188bd6fc11cf08882277f
data/raw/NEU-CLS/NEU-CLS/Sc_4.bmp,Sc_4.bmp,scratches,5,train,200,200,41078,ea20ab676eea1a8379c6e95fdb625e70e0002cf9923f0245a281a4ea79383ca6
data/raw/NEU-CLS/NEU-CLS/Sc_166.bmp,Sc_166.bmp,scratches,5,train,200,200,41078,bcd66b239474e8ccacd40ab3b49454960f2336947fed01bfe895049632007de5
data/raw/NEU-CLS/NEU-CLS/Sc_158.bmp,Sc_158.bmp,scratches,5,train,200,200,41078,0b34a26f47e76652ade5167bc7e549f61a5f17dc8201860c03864f47d904b9e5
data/raw/NEU-CLS/NEU-CLS/Sc_130.bmp,Sc_130.bmp,scratches,5,train,200,200,41078,814ec7b115afd315ec9b6a3ae8754082d14e3216805539a59773a00f17f2b4ac
data/raw/NEU-CLS/NEU-CLS/Sc_148.bmp,Sc_148.bmp,scratches,5,train,200,200,41078,28d3cf4e08ba310cd96b4b806894b6c72324090bf5f62f7e94e4751277a557d7
data/raw/NEU-CLS/NEU-CLS/Sc_169.bmp,Sc_169.bmp,scratches,5,train,200,200,41078,1226f55775d5ab1a7121c19eb15f8a2089b24b64dd19f8f03cb37c8e9f55a171
data/raw/NEU-CLS/NEU-CLS/Sc_146.bmp,Sc_146.bmp,scratches,5,train,200,200,41078,aa2c71e990683a19cc262ecf7df7ea32b7e93221287db33034635612a4e136aa
data/raw/NEU-CLS/NEU-CLS/Sc_10.bmp,Sc_10.bmp,scratches,5,train,200,200,41078,64ffad662e20987176c32ca62f19f4c2572181ebf661b8891268c81b341a4ce7
data/raw/NEU-CLS/NEU-CLS/Sc_66.bmp,Sc_66.bmp,scratches,5,train,200,200,41078,a18efb32c9d989b1b4159484ce76b8c8133d195e74b32037b327aa9a8b6b8d1c
data/raw/NEU-CLS/NEU-CLS/Sc_237.bmp,Sc_237.bmp,scratches,5,train,200,200,41078,197ad6428cebe49deb98bd356c77a74a433e53275024db6b0951845d02a92c49
data/raw/NEU-CLS/NEU-CLS/Sc_190.bmp,Sc_190.bmp,scratches,5,train,200,200,41078,af5561fdae2164803e17a1138c650c958559ba7fd5f147db63bd636d37ffffcd
data/raw/NEU-CLS/NEU-CLS/Sc_15.bmp,Sc_15.bmp,scratches,5,train,200,200,41078,449b7416d8c5890f5ab68802039308a32567128e9299a744eb8f852051e65345
data/raw/NEU-CLS/NEU-CLS/Sc_109.bmp,Sc_109.bmp,scratches,5,train,200,200,41078,91f95025fd2efdf1e99ec3a83e5ae732e53cc997acda6761627ba29f998020fa
data/raw/NEU-CLS/NEU-CLS/Sc_17.bmp,Sc_17.bmp,scratches,5,train,200,200,41078,11fb612570a32a6f10629f7919405ae041b0bf433f98903118e4d693a0531ff7
data/raw/NEU-CLS/NEU-CLS/Sc_252.bmp,Sc_252.bmp,scratches,5,train,200,200,41078,378d0504c2b014b0b40de401dee7e6d606bef9ebf517dfa7926aebc3f00e8c41
data/raw/NEU-CLS/NEU-CLS/Sc_22.bmp,Sc_22.bmp,scratches,5,train,200,200,41078,0b5980e2496d87026f68759dd0650868de9e41c9904108d16c2cc1d230861cc6
data/raw/NEU-CLS/NEU-CLS/Sc_84.bmp,Sc_84.bmp,scratches,5,train,200,200,41078,c6f06df349c414e08f29dcd0ad75dcfd58a774de09d29879f066fa9b0030452e
data/raw/NEU-CLS/NEU-CLS/Sc_235.bmp,Sc_235.bmp,scratches,5,train,200,200,41078,34b87c52cc2ffd864947f8592c157dce9b737fc4a944b75a934dbe5bbdb28f39
data/raw/NEU-CLS/NEU-CLS/Sc_282.bmp,Sc_282.bmp,scratches,5,train,200,200,41078,f4f822aed21fca355370b411f5d1c6e29ab52a0ca57bcd824e34fd9c1576b54b
data/raw/NEU-CLS/NEU-CLS/Sc_79.bmp,Sc_79.bmp,scratches,5,train,200,200,41078,f20da74f7295316acb17c85c3bd88a63e0f5aad8598b5500234deb2efe4f1617
data/raw/NEU-CLS/NEU-CLS/Sc_164.bmp,Sc_164.bmp,scratches,5,train,200,200,41078,b997a9f791cb093bf1c5b730e73a61d98928ebd191fe2dd2c826d6c00b37d48c
data/raw/NEU-CLS/NEU-CLS/Sc_124.bmp,Sc_124.bmp,scratches,5,train,200,200,41078,32bf16c0156f2afc7aada6ec7ea8194ff5766b300b21dd91411f44e77042752c
data/raw/NEU-CLS/NEU-CLS/Sc_199.bmp,Sc_199.bmp,scratches,5,train,200,200,41078,8080c8bd52b46864122bd735353343a15136f91750fb59bfca03ae76ba2a8dbf
data/raw/NEU-CLS/NEU-CLS/Sc_179.bmp,Sc_179.bmp,scratches,5,train,200,200,41078,d0266aac42fade29e8c876d3638e64a0d3b423ec7819ea59a6613d6ee5a0d9d6
data/raw/NEU-CLS/NEU-CLS/Sc_125.bmp,Sc_125.bmp,scratches,5,train,200,200,41078,2fcf63c0328653676e9a26a685173111a59b15c86b7fc33f051077d90e107af6
data/raw/NEU-CLS/NEU-CLS/Sc_217.bmp,Sc_217.bmp,scratches,5,train,200,200,41078,e32ca33e8c3ed56364f17e421ed97a10f05babb885438d7493d0eeed31bbba65
data/raw/NEU-CLS/NEU-CLS/Sc_31.bmp,Sc_31.bmp,scratches,5,val,200,200,41078,b41b336bbf2ee60bdad18d37eba1fae2544bbf645ef7bbdaaa547a0737261eeb
data/raw/NEU-CLS/NEU-CLS/Sc_48.bmp,Sc_48.bmp,scratches,5,val,200,200,41078,8b8a8c03875c1ce05640c38298f31685c070129624fd0862f4a71df577259b68
data/raw/NEU-CLS/NEU-CLS/Sc_298.bmp,Sc_298.bmp,scratches,5,val,200,200,41078,59f8f2eb0b74dd7ecb46a6a4cdb506b988b13bd82fa5a391e6f1ca9504b90ffe
data/raw/NEU-CLS/NEU-CLS/Sc_195.bmp,Sc_195.bmp,scratches,5,val,200,200,41078,3b38dd61ceb25671fce04a742ce346b796a36c554563159cdb9d58e977f9b734
data/raw/NEU-CLS/NEU-CLS/Sc_69.bmp,Sc_69.bmp,scratches,5,val,200,200,41078,0801c90318dfbbd6f5f9f1783c1adacf779761bac61482afd43bf43ed6dd845c
data/raw/NEU-CLS/NEU-CLS/Sc_239.bmp,Sc_239.bmp,scratches,5,val,200,200,41078,a043c8d3baadc6625bcd6076622eb8b29ace0b0e2f62b271ce2be67b5d1292d4
data/raw/NEU-CLS/NEU-CLS/Sc_210.bmp,Sc_210.bmp,scratches,5,val,200,200,41078,b56f5e2d3f4a0e01a91c4bd043be7051dbfc4f279b7065fddbc08900da491d07
data/raw/NEU-CLS/NEU-CLS/Sc_78.bmp,Sc_78.bmp,scratches,5,val,200,200,41078,c6e0dabb48384828b1aad02f1c146c5cb3ccd026d6a1fd921356b5e176f7e372
data/raw/NEU-CLS/NEU-CLS/Sc_251.bmp,Sc_251.bmp,scratches,5,val,200,200,41078,abf6fde4e79e30861e2902159f690ccf51c12b8be8a26cf578817249001ea3df
data/raw/NEU-CLS/NEU-CLS/Sc_200.bmp,Sc_200.bmp,scratches,5,val,200,200,41078,3823927f63417777585882cea719a231c9810e8b6357a075bb241339ae8a2b20
data/raw/NEU-CLS/NEU-CLS/Sc_161.bmp,Sc_161.bmp,scratches,5,val,200,200,41078,c4e3c0ac5fa2b29f24f9d7f3cba40b78b137ca4768dd77c2f4282a5a412935b5
data/raw/NEU-CLS/NEU-CLS/Sc_117.bmp,Sc_117.bmp,scratches,5,val,200,200,41078,430c9b5631f77433fb65237a3589a8bbfd9238652d21aa60073e3b11ef9dcddb
data/raw/NEU-CLS/NEU-CLS/Sc_254.bmp,Sc_254.bmp,scratches,5,val,200,200,41078,54cc2fc8877ab40d3d8e4c0e6a9beebd04d05ea4647fee3c8fea8d625acaf31b
data/raw/NEU-CLS/NEU-CLS/Sc_11.bmp,Sc_11.bmp,scratches,5,val,200,200,41078,11a4504d7a8debbc7ef1d768ca3af1a41ca46a7ac5c41080919964fdd06085e3
data/raw/NEU-CLS/NEU-CLS/Sc_63.bmp,Sc_63.bmp,scratches,5,val,200,200,41078,504288e164c59f7e975dabe3f0f1a95ef2c46ad05c373eb13d893cb8e1e6f818
data/raw/NEU-CLS/NEU-CLS/Sc_273.bmp,Sc_273.bmp,scratches,5,val,200,200,41078,e4dbb7d966ef70f288427dfd89effffbddaaa5f1f2c768ca642705efc9f8424e
data/raw/NEU-CLS/NEU-CLS/Sc_43.bmp,Sc_43.bmp,scratches,5,val,200,200,41078,3bdc3558ff8442f34d6b004e66e35843e4b0fb6e8ebd312ad6d1710a969d9006
data/raw/NEU-CLS/NEU-CLS/Sc_134.bmp,Sc_134.bmp,scratches,5,val,200,200,41078,6e8f660af3975ad65004fd85e2bad0d4141ec9a8b570a7e8ea17987fa40163e9
data/raw/NEU-CLS/NEU-CLS/Sc_68.bmp,Sc_68.bmp,scratches,5,val,200,200,41078,3461d493e76bd2280ff45647abc8b444ae14dda911b3e76377fbcc79f876ec02
data/raw/NEU-CLS/NEU-CLS/Sc_32.bmp,Sc_32.bmp,scratches,5,val,200,200,41078,255144d9592ee6110458188b7965c9903bb2e012b5ea0702e78cc38ce5091825
data/raw/NEU-CLS/NEU-CLS/Sc_118.bmp,Sc_118.bmp,scratches,5,val,200,200,41078,681a79c8978d80a4a4a566c98c6a7c12165e28f5d22aed9f6184322307a60204
data/raw/NEU-CLS/NEU-CLS/Sc_236.bmp,Sc_236.bmp,scratches,5,val,200,200,41078,6516d076ac6bab14c16726accd418537616f8d862093e37e625f2f646b8fc44b
data/raw/NEU-CLS/NEU-CLS/Sc_23.bmp,Sc_23.bmp,scratches,5,val,200,200,41078,20224e993b3434925af9131c0b44fb5b4dd360285288d3ab87a13177d73036b3
data/raw/NEU-CLS/NEU-CLS/Sc_278.bmp,Sc_278.bmp,scratches,5,val,200,200,41078,402e3c05a609970ee530d2121cf06753432c93ab4f61d40083bf9df7085ac686
data/raw/NEU-CLS/NEU-CLS/Sc_174.bmp,Sc_174.bmp,scratches,5,val,200,200,41078,fda7ceeb2e27af8f6faf4eac343ee3eb2df2575aca06e05f9a9cb0374ef0cbfc
data/raw/NEU-CLS/NEU-CLS/Sc_265.bmp,Sc_265.bmp,scratches,5,val,200,200,41078,9c50e207323e9e8c3b3871e252ca43e648bcafa009775ebbf323182cbb33e73d
data/raw/NEU-CLS/NEU-CLS/Sc_77.bmp,Sc_77.bmp,scratches,5,val,200,200,41078,38bc9860b59f72972c44acb219cb46d66314928b8eea1ce415ae81a8ce71954d
data/raw/NEU-CLS/NEU-CLS/Sc_184.bmp,Sc_184.bmp,scratches,5,val,200,200,41078,bd1d90d852459aaf7325c52011acd4b09f90e8308beb5f364d00dda71a4993f0
data/raw/NEU-CLS/NEU-CLS/Sc_135.bmp,Sc_135.bmp,scratches,5,val,200,200,41078,6415c17cf4016f82586834e0c1dc7de001d10ad27bc1e0df3ed1f69ead7a1e78
data/raw/NEU-CLS/NEU-CLS/Sc_178.bmp,Sc_178.bmp,scratches,5,val,200,200,41078,136ff6fddf07505a02d1e6873afdf65a5f621054a5029663fe46b54fe7072430
data/raw/NEU-CLS/NEU-CLS/Sc_203.bmp,Sc_203.bmp,scratches,5,val,200,200,41078,db59d6739ada89677ef8ce6f8478c981ee8ec31f9b6b6dee5085858635a76139
data/raw/NEU-CLS/NEU-CLS/Sc_196.bmp,Sc_196.bmp,scratches,5,val,200,200,41078,568adcc3a343b1385cf31fe57e405d3faf8e7ea490ce10c8518d7e2de6758465
data/raw/NEU-CLS/NEU-CLS/Sc_186.bmp,Sc_186.bmp,scratches,5,val,200,200,41078,70b062cf58adb93fde803b5ef026251d58ba231a5c88042c582510833baf5bc9
data/raw/NEU-CLS/NEU-CLS/Sc_74.bmp,Sc_74.bmp,scratches,5,val,200,200,41078,a474b705954629f53b943051a42edc6c211521b0a51435e6f96dc47e9230a921
data/raw/NEU-CLS/NEU-CLS/Sc_220.bmp,Sc_220.bmp,scratches,5,val,200,200,41078,50870ba4fa0fb02ccdafa8cda0d14ee122f005eeae0f9938f90020e866d759c1
data/raw/NEU-CLS/NEU-CLS/Sc_271.bmp,Sc_271.bmp,scratches,5,val,200,200,41078,2a9b7b4ecbb2b03571e81277bcffee6bb41ab4de91964683bf84230c90fccb7b
data/raw/NEU-CLS/NEU-CLS/Sc_12.bmp,Sc_12.bmp,scratches,5,val,200,200,41078,9d54b8afa335c36ec422e2dbf089301a4a39f5f022f211ecfd08660597dec63e
data/raw/NEU-CLS/NEU-CLS/Sc_105.bmp,Sc_105.bmp,scratches,5,val,200,200,41078,d20f20c0c4d90e609641a223667c7d8a2c4e727e13107e60479dbd1725936a0b
data/raw/NEU-CLS/NEU-CLS/Sc_245.bmp,Sc_245.bmp,scratches,5,val,200,200,41078,e82c69b0c335097e489e171300d0e8f79b0a44047cb6709e52da5fd0e70dc570
data/raw/NEU-CLS/NEU-CLS/Sc_27.bmp,Sc_27.bmp,scratches,5,val,200,200,41078,7e34c5b599ee911e3717b7e58e21a8fc8c5280471e6fc75f6e5087f764e9799b
data/raw/NEU-CLS/NEU-CLS/Sc_131.bmp,Sc_131.bmp,scratches,5,val,200,200,41078,89e8fc2af49eb7e8bb2928a3167f573b4f9aeb867aa697068e13fe7732704031
data/raw/NEU-CLS/NEU-CLS/Sc_114.bmp,Sc_114.bmp,scratches,5,val,200,200,41078,e9e18883509c3c9b57cfddbcca754190723b7789408796377083032684d49faf
data/raw/NEU-CLS/NEU-CLS/Sc_191.bmp,Sc_191.bmp,scratches,5,val,200,200,41078,4762a5bc4fb6b4d93f9223f083c06792045016bfd4063fded50f372c31ba9228
data/raw/NEU-CLS/NEU-CLS/Sc_89.bmp,Sc_89.bmp,scratches,5,val,200,200,41078,c797fe4c81d4529e8687a8ceebad18d55a11c17b1bed1b02c59c5965b753cdb0
data/raw/NEU-CLS/NEU-CLS/Sc_229.bmp,Sc_229.bmp,scratches,5,val,200,200,41078,56662b80f4a9b9dabc44baffafbd92b83cad2a0563ca1ca9223d66dfee3696c9
data/raw/NEU-CLS/NEU-CLS/Sc_165.bmp,Sc_165.bmp,scratches,5,test,200,200,41078,4a5125900f7799049fa8c83a9cc3e2f3747da1db7cbf9fdce2174e29b8474a5b
data/raw/NEU-CLS/NEU-CLS/Sc_65.bmp,Sc_65.bmp,scratches,5,test,200,200,41078,e1a2ccb5a6d4c35822a77e4a0f0e4ed1d0cbf7ec1bf647bb13de4d42830f0fe1
data/raw/NEU-CLS/NEU-CLS/Sc_101.bmp,Sc_101.bmp,scratches,5,test,200,200,41078,870af47cacce4b76f2929a250d4e9e2ff0f04d24de885ed090d8e291616498f9
data/raw/NEU-CLS/NEU-CLS/Sc_73.bmp,Sc_73.bmp,scratches,5,test,200,200,41078,06ec69520f24ddde28d157c70320d6fc281d80d7666b8f087014d694e1667d67
data/raw/NEU-CLS/NEU-CLS/Sc_255.bmp,Sc_255.bmp,scratches,5,test,200,200,41078,e0c3095b4d56d9bae210e79274f9f1749c9e192b9617f5ad2c07da71863219b2
data/raw/NEU-CLS/NEU-CLS/Sc_241.bmp,Sc_241.bmp,scratches,5,test,200,200,41078,cf0c57f2924beb87018b51808340699166b8a7bfc948804d4662af67cfc3beb2
data/raw/NEU-CLS/NEU-CLS/Sc_224.bmp,Sc_224.bmp,scratches,5,test,200,200,41078,64c85cace4a30c724eb5cad67a890ecdad16e296da3b47ef424fb8d67a8f1733
data/raw/NEU-CLS/NEU-CLS/Sc_182.bmp,Sc_182.bmp,scratches,5,test,200,200,41078,73d901fb15619581bb73b8e0dd79e8a9e7dc12fd5697c25855de14c2d5b281bf
data/raw/NEU-CLS/NEU-CLS/Sc_111.bmp,Sc_111.bmp,scratches,5,test,200,200,41078,e5cb9abb20c8b36be9a12db7826265d34429e2c39a00302fae7924c1731094b3
data/raw/NEU-CLS/NEU-CLS/Sc_221.bmp,Sc_221.bmp,scratches,5,test,200,200,41078,7e3384b6f5cb13b41254ccd986136408cd884b177b59904752c4d11c757d1fe7
data/raw/NEU-CLS/NEU-CLS/Sc_110.bmp,Sc_110.bmp,scratches,5,test,200,200,41078,9b3719ef95a8e2a01ee10f536c9612344b8ec6d75c080b6d816e04a8ccc716e2
data/raw/NEU-CLS/NEU-CLS/Sc_297.bmp,Sc_297.bmp,scratches,5,test,200,200,41078,f1f84fa99d4bf37ae3ad494c960573cf3dcdae60a056ca471390b716fe0c1edf
data/raw/NEU-CLS/NEU-CLS/Sc_202.bmp,Sc_202.bmp,scratches,5,test,200,200,41078,eec00c4ec3b2ebcb63efccbb22e9b07cd13117986c887fed7fddc283cb02931f
data/raw/NEU-CLS/NEU-CLS/Sc_227.bmp,Sc_227.bmp,scratches,5,test,200,200,41078,0add2fe2cd9da9c955040b0cfea0040069a29f4009037b29113f03facb118d27
data/raw/NEU-CLS/NEU-CLS/Sc_151.bmp,Sc_151.bmp,scratches,5,test,200,200,41078,4717a9dddfb66adb5a58c6f894ff75d7efc290dfa70a9e767eee9024ea26cac2
data/raw/NEU-CLS/NEU-CLS/Sc_269.bmp,Sc_269.bmp,scratches,5,test,200,200,41078,c49159c583b59b70f60fd3b2ade6472f61c723c4fca932b7f9d4e34138f11650
data/raw/NEU-CLS/NEU-CLS/Sc_260.bmp,Sc_260.bmp,scratches,5,test,200,200,41078,3aacab1d131eb7700025c8b80ee9408715674fa42e6e582452137bfc56aa098f
data/raw/NEU-CLS/NEU-CLS/Sc_149.bmp,Sc_149.bmp,scratches,5,test,200,200,41078,8f685b8957b36e3891e57465080020dd4495583cb4c0dc3af51fbffc1e333b03
data/raw/NEU-CLS/NEU-CLS/Sc_201.bmp,Sc_201.bmp,scratches,5,test,200,200,41078,5189eaf833336340d382089e7e18bc7b0b9ae17da5e79604de42dcbec991efce
data/raw/NEU-CLS/NEU-CLS/Sc_50.bmp,Sc_50.bmp,scratches,5,test,200,200,41078,562520d43a7c6c971692c3cd4c0031286492177bf80aa74b464958bfb0fb9d3c
data/raw/NEU-CLS/NEU-CLS/Sc_170.bmp,Sc_170.bmp,scratches,5,test,200,200,41078,2d8dcb6221db232b508b0523b804db78ec605b40e686d90592a666a43b452a79
data/raw/NEU-CLS/NEU-CLS/Sc_197.bmp,Sc_197.bmp,scratches,5,test,200,200,41078,81298c6c599e014e3d6e2905df1e75fdb88a0065977e4c719076114f7544d130
data/raw/NEU-CLS/NEU-CLS/Sc_62.bmp,Sc_62.bmp,scratches,5,test,200,200,41078,08ef65edd531c59bf92193eeda9854c646ca6adfa2ecb49bd97a15c1e91b067a
data/raw/NEU-CLS/NEU-CLS/Sc_147.bmp,Sc_147.bmp,scratches,5,test,200,200,41078,b38c8ae6ee827df49f995a6a1314057194cda024e2520730773bc8d900a2e14d
data/raw/NEU-CLS/NEU-CLS/Sc_261.bmp,Sc_261.bmp,scratches,5,test,200,200,41078,d82d5da38bbe8b6e7b1c4a4174639a38bf60ed5e769a63f59c3ec3837445b99c
data/raw/NEU-CLS/NEU-CLS/Sc_242.bmp,Sc_242.bmp,scratches,5,test,200,200,41078,e99e6983d8954e9b8d98017bea59366183d6ae2cac90b3b676fd7013e92bcb08
data/raw/NEU-CLS/NEU-CLS/Sc_231.bmp,Sc_231.bmp,scratches,5,test,200,200,41078,908dc7e5a8244937a8174e5852cda5a679588baa56bcb05ab2364609d161f91f
data/raw/NEU-CLS/NEU-CLS/Sc_122.bmp,Sc_122.bmp,scratches,5,test,200,200,41078,6de3cfe486885eb4936301c5db041ff6098aba27ec4aee9bc4159852787ba45b
data/raw/NEU-CLS/NEU-CLS/Sc_294.bmp,Sc_294.bmp,scratches,5,test,200,200,41078,856f5e268507ae5ba73d33801d6b5cb440233d02ad0c246d35d7e8e8d024573d
data/raw/NEU-CLS/NEU-CLS/Sc_262.bmp,Sc_262.bmp,scratches,5,test,200,200,41078,df2e8f42ed6cbd432249fcf1038b663ee215105c7b53c50226a866df20a786d7
data/raw/NEU-CLS/NEU-CLS/Sc_289.bmp,Sc_289.bmp,scratches,5,test,200,200,41078,443c2e0f207800a6fd8ed05f2aef5443b54067c4204e6ddc45233d5729ecbfcd
data/raw/NEU-CLS/NEU-CLS/Sc_155.bmp,Sc_155.bmp,scratches,5,test,200,200,41078,566427745d351a0ea8fbc85406e46b7ca781e2c34a279cd0d116ee12694c9811
data/raw/NEU-CLS/NEU-CLS/Sc_250.bmp,Sc_250.bmp,scratches,5,test,200,200,41078,184d78d215623cb5aae9123f1d0a6dedc18732cb3a442b106a1c58d2606c7d57
data/raw/NEU-CLS/NEU-CLS/Sc_9.bmp,Sc_9.bmp,scratches,5,test,200,200,41078,2c8ffe81d5f9fa1a74e0316111fbed41e49dcba6c5b05fabce60dba843649f27
data/raw/NEU-CLS/NEU-CLS/Sc_88.bmp,Sc_88.bmp,scratches,5,test,200,200,41078,fb4c8fcf4a92fde09bb9a123ef0c90fc3761816aee9acf11e5b816e80758efb5
data/raw/NEU-CLS/NEU-CLS/Sc_126.bmp,Sc_126.bmp,scratches,5,test,200,200,41078,7bef24a175f4b21d7ecc4f8974d70d1ba1104cd190909f1cfd93d4efd86c5885
data/raw/NEU-CLS/NEU-CLS/Sc_85.bmp,Sc_85.bmp,scratches,5,test,200,200,41078,21e0c44ea1408c02fc522f152cbed18c2adeab130d35f3fc2c2101407869664e
data/raw/NEU-CLS/NEU-CLS/Sc_159.bmp,Sc_159.bmp,scratches,5,test,200,200,41078,11d39bf0d4198935a805ffc1fe38ae1309cd39e0eee7d11097081f777e369c61
data/raw/NEU-CLS/NEU-CLS/Sc_270.bmp,Sc_270.bmp,scratches,5,test,200,200,41078,3e495272324a0ff44ecb723146ae0f90c8ea04f71b6e8e6cbc9aa69e7738d853
data/raw/NEU-CLS/NEU-CLS/Sc_143.bmp,Sc_143.bmp,scratches,5,test,200,200,41078,723deeeccfbf082079cce6b694a47ce0153cc79e4e8a489411a8676bd3496af0
data/raw/NEU-CLS/NEU-CLS/Sc_299.bmp,Sc_299.bmp,scratches,5,test,200,200,41078,814b3fcbfcde9d7259d4d4d7bceda49acf45add3a58c09e9c22a5455d04aa694
data/raw/NEU-CLS/NEU-CLS/Sc_141.bmp,Sc_141.bmp,scratches,5,test,200,200,41078,7e44509dba88bacb0e62b4e392ccb883fa629262b5846a818c64c98562344297
data/raw/NEU-CLS/NEU-CLS/Sc_138.bmp,Sc_138.bmp,scratches,5,test,200,200,41078,3df2cf615f61334a540a556a2a3aad580197159ef844ddd9bffc69ffbefc1b85
data/raw/NEU-CLS/NEU-CLS/Sc_140.bmp,Sc_140.bmp,scratches,5,test,200,200,41078,0b0ea0042207d786693eee1a9d45569b9dd050769d6735bd69805ae0f4cbe162
data/raw/NEU-CLS/NEU-CLS/Sc_13.bmp,Sc_13.bmp,scratches,5,test,200,200,41078,d7d8a6b15078cbcc4464ce53635375bf7869419492b314708608efb5c5ea2aab
